29-Aug-2026 14:46:03.336 INFO [main] org.apache.catalina.core.ApplicationContext.log No Spring WebApplicationInitializer types detected on classpath
29-Aug-2026 14:46:03.355 INFO [main] org.apache.catalina.core.ApplicationContext.log Initializing Spring root WebApplicationContext
29-Aug-2026 14:46:04.846 INFO [main] org.apache.catalina.core.ApplicationContext.log ContextListener: contextInitialized()
29-Aug-2026 14:46:04.846 INFO [main] org.apache.catalina.core.ApplicationContext.log SessionListener: contextInitialized()
29-Aug-2026 14:46:04.849 INFO [main] org.apache.catalina.core.ApplicationContext.log ContextListener: attributeAdded('StockTicker', 'async.Stockticker@bd93bc3')
29-Aug-2026 14:46:15.080 INFO [Catalina-utility-1] org.apache.catalina.core.ApplicationContext.log Closing Spring root WebApplicationContext
29-Aug-2026 14:46:16.520 INFO [Catalina-utility-1] org.apache.catalina.core.ApplicationContext.log No Spring WebApplicationInitializer types detected on classpath
29-Aug-2026 14:46:16.531 INFO [Catalina-utility-1] org.apache.catalina.core.ApplicationContext.log Initializing Spring root WebApplicationContext
29-Aug-2026 15:57:44.981 INFO [Catalina-utility-2] org.apache.catalina.core.ApplicationContext.log Closing Spring root WebApplicationContext
29-Aug-2026 15:57:46.528 INFO [Catalina-utility-2] org.apache.catalina.core.ApplicationContext.log No Spring WebApplicationInitializer types detected on classpath
29-Aug-2026 15:57:46.540 INFO [Catalina-utility-2] org.apache.catalina.core.ApplicationContext.log Initializing Spring root WebApplicationContext
29-Aug-2026 15:57:46.927 SEVERE [Catalina-utility-2] org.apache.catalina.core.StandardContext.listenerStart Excepción al enviar evento inicializado de contexto a instancia de escuchador de clase [org.springframework.web.context.ContextLoaderListener]
	org.springframework.beans.factory.xml.XmlBeanDefinitionStoreException: Line 34 in XML document from class path resource [applicationContext.xml] is invalid
		at org.springframework.beans.factory.xml.XmlBeanDefinitionReader.doLoadBeanDefinitions(XmlBeanDefinitionReader.java:402)
		at org.springframework.beans.factory.xml.XmlBeanDefinitionReader.loadBeanDefinitions(XmlBeanDefinitionReader.java:338)
		at org.springframework.beans.factory.xml.XmlBeanDefinitionReader.loadBeanDefinitions(XmlBeanDefinitionReader.java:310)
		at org.springframework.beans.factory.support.AbstractBeanDefinitionReader.loadBeanDefinitions(AbstractBeanDefinitionReader.java:184)
		at org.springframework.beans.factory.support.AbstractBeanDefinitionReader.loadBeanDefinitions(AbstractBeanDefinitionReader.java:220)
		at org.springframework.beans.factory.support.AbstractBeanDefinitionReader.loadBeanDefinitions(AbstractBeanDefinitionReader.java:191)
		at org.springframework.web.context.support.XmlWebApplicationContext.loadBeanDefinitions(XmlWebApplicationContext.java:125)
		at org.springframework.web.context.support.XmlWebApplicationContext.loadBeanDefinitions(XmlWebApplicationContext.java:94)
		at org.springframework.context.support.AbstractRefreshableApplicationContext.refreshBeanFactory(AbstractRefreshableApplicationContext.java:130)
		at org.springframework.context.support.AbstractApplicationContext.obtainFreshBeanFactory(AbstractApplicationContext.java:696)
		at org.springframework.context.support.AbstractApplicationContext.refresh(AbstractApplicationContext.java:578)
		at org.springframework.web.context.ContextLoader.configureAndRefreshWebApplicationContext(ContextLoader.java:394)
		at org.springframework.web.context.ContextLoader.initWebApplicationContext(ContextLoader.java:274)
		at org.springframework.web.context.ContextLoaderListener.contextInitialized(ContextLoaderListener.java:102)
		at org.apache.catalina.core.StandardContext.listenerStart(StandardContext.java:4160)
		at org.apache.catalina.core.StandardContext.startInternal(StandardContext.java:4583)
		at org.apache.catalina.util.LifecycleBase.start(LifecycleBase.java:170)
		at org.apache.catalina.core.ContainerBase.addChild(ContainerBase.java:583)
		at org.apache.catalina.core.StandardHost.addChild(StandardHost.java:677)
		at org.apache.catalina.startup.HostConfig.deployWAR(HostConfig.java:924)
		at org.apache.catalina.startup.HostConfig$DeployWar.run(HostConfig.java:1872)
		at java.base/java.util.concurrent.Executors$RunnableAdapter.call(Executors.java:539)
		at java.base/java.util.concurrent.FutureTask.run(FutureTask.java:264)
		at org.apache.tomcat.util.threads.InlineExecutorService.execute(InlineExecutorService.java:92)
		at java.base/java.util.concurrent.AbstractExecutorService.submit(AbstractExecutorService.java:123)
		at org.apache.catalina.startup.HostConfig.deployWARs(HostConfig.java:755)
		at org.apache.catalina.startup.HostConfig.deployApps(HostConfig.java:410)
		at org.apache.catalina.startup.HostConfig.check(HostConfig.java:1655)
		at org.apache.catalina.startup.HostConfig.lifecycleEvent(HostConfig.java:284)
		at org.apache.catalina.util.LifecycleBase.fireLifecycleEvent(LifecycleBase.java:115)
		at org.apache.catalina.core.ContainerBase.backgroundProcess(ContainerBase.java:956)
		at org.apache.catalina.core.ContainerBase$ContainerBackgroundProcessor.processChildren(ContainerBase.java:1179)
		at org.apache.catalina.core.ContainerBase$ContainerBackgroundProcessor.processChildren(ContainerBase.java:1183)
		at org.apache.catalina.core.ContainerBase$ContainerBackgroundProcessor.run(ContainerBase.java:1156)
		at java.base/java.util.concurrent.Executors$RunnableAdapter.call(Executors.java:539)
		at java.base/java.util.concurrent.FutureTask.runAndReset(FutureTask.java:305)
		at java.base/java.util.concurrent.ScheduledThreadPoolExecutor$ScheduledFutureTask.run(ScheduledThreadPoolExecutor.java:305)
		at java.base/java.util.concurrent.ThreadPoolExecutor.runWorker(ThreadPoolExecutor.java:1136)
		at java.base/java.util.concurrent.ThreadPoolExecutor$Worker.run(ThreadPoolExecutor.java:635)
		at org.apache.tomcat.util.threads.TaskThread$WrappingRunnable.run(TaskThread.java:74)
		at java.base/java.lang.Thread.run(Thread.java:842)
	Caused by: org.xml.sax.SAXParseException; lineNumber: 34; columnNumber: 3; The markup in the document following the root element must be well-formed.
		at java.xml/com.sun.org.apache.xerces.internal.util.ErrorHandlerWrapper.createSAXParseException(ErrorHandlerWrapper.java:204)
		at java.xml/com.sun.org.apache.xerces.internal.util.ErrorHandlerWrapper.fatalError(ErrorHandlerWrapper.java:178)
		at java.xml/com.sun.org.apache.xerces.internal.impl.XMLErrorReporter.reportError(XMLErrorReporter.java:400)
		at java.xml/com.sun.org.apache.xerces.internal.impl.XMLErrorReporter.reportError(XMLErrorReporter.java:327)
		at java.xml/com.sun.org.apache.xerces.internal.impl.XMLScanner.reportFatalError(XMLScanner.java:1465)
		at java.xml/com.sun.org.apache.xerces.internal.impl.XMLDocumentScannerImpl$TrailingMiscDriver.next(XMLDocumentScannerImpl.java:1394)
		at java.xml/com.sun.org.apache.xerces.internal.impl.XMLDocumentScannerImpl.next(XMLDocumentScannerImpl.java:605)
		at java.xml/com.sun.org.apache.xerces.internal.impl.XMLNSDocumentScannerImpl.next(XMLNSDocumentScannerImpl.java:112)
		at java.xml/com.sun.org.apache.xerces.internal.impl.XMLDocumentFragmentScannerImpl.scanDocument(XMLDocumentFragmentScannerImpl.java:542)
		at java.xml/com.sun.org.apache.xerces.internal.parsers.XML11Configuration.parse(XML11Configuration.java:889)
		at java.xml/com.sun.org.apache.xerces.internal.parsers.XML11Configuration.parse(XML11Configuration.java:825)
		at java.xml/com.sun.org.apache.xerces.internal.parsers.XMLParser.parse(XMLParser.java:141)
		at java.xml/com.sun.org.apache.xerces.internal.parsers.DOMParser.parse(DOMParser.java:247)
		at java.xml/com.sun.org.apache.xerces.internal.jaxp.DocumentBuilderImpl.parse(DocumentBuilderImpl.java:342)
		at org.springframework.beans.factory.xml.DefaultDocumentLoader.loadDocument(DefaultDocumentLoader.java:77)
		at org.springframework.beans.factory.xml.XmlBeanDefinitionReader.doLoadDocument(XmlBeanDefinitionReader.java:432)
		at org.springframework.beans.factory.xml.XmlBeanDefinitionReader.doLoadBeanDefinitions(XmlBeanDefinitionReader.java:390)
		... 40 more
29-Aug-2026 15:57:46.929 INFO [Catalina-utility-2] org.apache.catalina.core.ApplicationContext.log Closing Spring root WebApplicationContext
29-Aug-2026 15:57:46.942 SEVERE [Catalina-utility-2] org.apache.catalina.core.StandardContext.listenerStop Excepción enviando evento de contexto destruído a instancia de escuchador de clase [org.springframework.web.context.ContextLoaderListener]
	java.lang.IllegalStateException: BeanFactory not initialized or already closed - call 'refresh' before accessing beans via the ApplicationContext
		at org.springframework.context.support.AbstractRefreshableApplicationContext.getBeanFactory(AbstractRefreshableApplicationContext.java:168)
		at org.springframework.context.support.AbstractApplicationContext.destroyBeans(AbstractApplicationContext.java:1107)
		at org.springframework.context.support.AbstractApplicationContext.doClose(AbstractApplicationContext.java:1076)
		at org.springframework.context.support.AbstractApplicationContext.close(AbstractApplicationContext.java:1027)
		at org.springframework.web.context.ContextLoader.closeWebApplicationContext(ContextLoader.java:510)
		at org.springframework.web.context.ContextLoaderListener.contextDestroyed(ContextLoaderListener.java:111)
		at org.apache.catalina.core.StandardContext.listenerStop(StandardContext.java:4205)
		at org.apache.catalina.core.StandardContext.stopInternal(StandardContext.java:4809)
		at org.apache.catalina.util.LifecycleBase.stop(LifecycleBase.java:241)
		at org.apache.catalina.util.LifecycleBase.start(LifecycleBase.java:174)
		at org.apache.catalina.core.ContainerBase.addChild(ContainerBase.java:583)
		at org.apache.catalina.core.StandardHost.addChild(StandardHost.java:677)
		at org.apache.catalina.startup.HostConfig.deployWAR(HostConfig.java:924)
		at org.apache.catalina.startup.HostConfig$DeployWar.run(HostConfig.java:1872)
		at java.base/java.util.concurrent.Executors$RunnableAdapter.call(Executors.java:539)
		at java.base/java.util.concurrent.FutureTask.run(FutureTask.java:264)
		at org.apache.tomcat.util.threads.InlineExecutorService.execute(InlineExecutorService.java:92)
		at java.base/java.util.concurrent.AbstractExecutorService.submit(AbstractExecutorService.java:123)
		at org.apache.catalina.startup.HostConfig.deployWARs(HostConfig.java:755)
		at org.apache.catalina.startup.HostConfig.deployApps(HostConfig.java:410)
		at org.apache.catalina.startup.HostConfig.check(HostConfig.java:1655)
		at org.apache.catalina.startup.HostConfig.lifecycleEvent(HostConfig.java:284)
		at org.apache.catalina.util.LifecycleBase.fireLifecycleEvent(LifecycleBase.java:115)
		at org.apache.catalina.core.ContainerBase.backgroundProcess(ContainerBase.java:956)
		at org.apache.catalina.core.ContainerBase$ContainerBackgroundProcessor.processChildren(ContainerBase.java:1179)
		at org.apache.catalina.core.ContainerBase$ContainerBackgroundProcessor.processChildren(ContainerBase.java:1183)
		at org.apache.catalina.core.ContainerBase$ContainerBackgroundProcessor.run(ContainerBase.java:1156)
		at java.base/java.util.concurrent.Executors$RunnableAdapter.call(Executors.java:539)
		at java.base/java.util.concurrent.FutureTask.runAndReset(FutureTask.java:305)
		at java.base/java.util.concurrent.ScheduledThreadPoolExecutor$ScheduledFutureTask.run(ScheduledThreadPoolExecutor.java:305)
		at java.base/java.util.concurrent.ThreadPoolExecutor.runWorker(ThreadPoolExecutor.java:1136)
		at java.base/java.util.concurrent.ThreadPoolExecutor$Worker.run(ThreadPoolExecutor.java:635)
		at org.apache.tomcat.util.threads.TaskThread$WrappingRunnable.run(TaskThread.java:74)
		at java.base/java.lang.Thread.run(Thread.java:842)
29-Aug-2026 15:59:08.332 INFO [Catalina-utility-2] org.apache.catalina.core.ApplicationContext.log No Spring WebApplicationInitializer types detected on classpath
29-Aug-2026 15:59:08.337 INFO [Catalina-utility-2] org.apache.catalina.core.ApplicationContext.log Initializing Spring root WebApplicationContext
29-Aug-2026 15:59:08.691 SEVERE [Catalina-utility-2] org.apache.catalina.core.StandardContext.listenerStart Excepción al enviar evento inicializado de contexto a instancia de escuchador de clase [org.springframework.web.context.ContextLoaderListener]
	org.springframework.beans.factory.xml.XmlBeanDefinitionStoreException: Line 34 in XML document from class path resource [applicationContext.xml] is invalid
		at org.springframework.beans.factory.xml.XmlBeanDefinitionReader.doLoadBeanDefinitions(XmlBeanDefinitionReader.java:402)
		at org.springframework.beans.factory.xml.XmlBeanDefinitionReader.loadBeanDefinitions(XmlBeanDefinitionReader.java:338)
		at org.springframework.beans.factory.xml.XmlBeanDefinitionReader.loadBeanDefinitions(XmlBeanDefinitionReader.java:310)
		at org.springframework.beans.factory.support.AbstractBeanDefinitionReader.loadBeanDefinitions(AbstractBeanDefinitionReader.java:184)
		at org.springframework.beans.factory.support.AbstractBeanDefinitionReader.loadBeanDefinitions(AbstractBeanDefinitionReader.java:220)
		at org.springframework.beans.factory.support.AbstractBeanDefinitionReader.loadBeanDefinitions(AbstractBeanDefinitionReader.java:191)
		at org.springframework.web.context.support.XmlWebApplicationContext.loadBeanDefinitions(XmlWebApplicationContext.java:125)
		at org.springframework.web.context.support.XmlWebApplicationContext.loadBeanDefinitions(XmlWebApplicationContext.java:94)
		at org.springframework.context.support.AbstractRefreshableApplicationContext.refreshBeanFactory(AbstractRefreshableApplicationContext.java:130)
		at org.springframework.context.support.AbstractApplicationContext.obtainFreshBeanFactory(AbstractApplicationContext.java:696)
		at org.springframework.context.support.AbstractApplicationContext.refresh(AbstractApplicationContext.java:578)
		at org.springframework.web.context.ContextLoader.configureAndRefreshWebApplicationContext(ContextLoader.java:394)
		at org.springframework.web.context.ContextLoader.initWebApplicationContext(ContextLoader.java:274)
		at org.springframework.web.context.ContextLoaderListener.contextInitialized(ContextLoaderListener.java:102)
		at org.apache.catalina.core.StandardContext.listenerStart(StandardContext.java:4160)
		at org.apache.catalina.core.StandardContext.startInternal(StandardContext.java:4583)
		at org.apache.catalina.util.LifecycleBase.start(LifecycleBase.java:170)
		at org.apache.catalina.core.ContainerBase.addChild(ContainerBase.java:583)
		at org.apache.catalina.core.StandardHost.addChild(StandardHost.java:677)
		at org.apache.catalina.startup.HostConfig.deployWAR(HostConfig.java:924)
		at org.apache.catalina.startup.HostConfig$DeployWar.run(HostConfig.java:1872)
		at java.base/java.util.concurrent.Executors$RunnableAdapter.call(Executors.java:539)
		at java.base/java.util.concurrent.FutureTask.run(FutureTask.java:264)
		at org.apache.tomcat.util.threads.InlineExecutorService.execute(InlineExecutorService.java:92)
		at java.base/java.util.concurrent.AbstractExecutorService.submit(AbstractExecutorService.java:123)
		at org.apache.catalina.startup.HostConfig.deployWARs(HostConfig.java:755)
		at org.apache.catalina.startup.HostConfig.deployApps(HostConfig.java:410)
		at org.apache.catalina.startup.HostConfig.check(HostConfig.java:1655)
		at org.apache.catalina.startup.HostConfig.lifecycleEvent(HostConfig.java:284)
		at org.apache.catalina.util.LifecycleBase.fireLifecycleEvent(LifecycleBase.java:115)
		at org.apache.catalina.core.ContainerBase.backgroundProcess(ContainerBase.java:956)
		at org.apache.catalina.core.ContainerBase$ContainerBackgroundProcessor.processChildren(ContainerBase.java:1179)
		at org.apache.catalina.core.ContainerBase$ContainerBackgroundProcessor.processChildren(ContainerBase.java:1183)
		at org.apache.catalina.core.ContainerBase$ContainerBackgroundProcessor.run(ContainerBase.java:1156)
		at java.base/java.util.concurrent.Executors$RunnableAdapter.call(Executors.java:539)
		at java.base/java.util.concurrent.FutureTask.runAndReset(FutureTask.java:305)
		at java.base/java.util.concurrent.ScheduledThreadPoolExecutor$ScheduledFutureTask.run(ScheduledThreadPoolExecutor.java:305)
		at java.base/java.util.concurrent.ThreadPoolExecutor.runWorker(ThreadPoolExecutor.java:1136)
		at java.base/java.util.concurrent.ThreadPoolExecutor$Worker.run(ThreadPoolExecutor.java:635)
		at org.apache.tomcat.util.threads.TaskThread$WrappingRunnable.run(TaskThread.java:74)
		at java.base/java.lang.Thread.run(Thread.java:842)
	Caused by: org.xml.sax.SAXParseException; lineNumber: 34; columnNumber: 3; The markup in the document following the root element must be well-formed.
		at java.xml/com.sun.org.apache.xerces.internal.util.ErrorHandlerWrapper.createSAXParseException(ErrorHandlerWrapper.java:204)
		at java.xml/com.sun.org.apache.xerces.internal.util.ErrorHandlerWrapper.fatalError(ErrorHandlerWrapper.java:178)
		at java.xml/com.sun.org.apache.xerces.internal.impl.XMLErrorReporter.reportError(XMLErrorReporter.java:400)
		at java.xml/com.sun.org.apache.xerces.internal.impl.XMLErrorReporter.reportError(XMLErrorReporter.java:327)
		at java.xml/com.sun.org.apache.xerces.internal.impl.XMLScanner.reportFatalError(XMLScanner.java:1465)
		at java.xml/com.sun.org.apache.xerces.internal.impl.XMLDocumentScannerImpl$TrailingMiscDriver.next(XMLDocumentScannerImpl.java:1394)
		at java.xml/com.sun.org.apache.xerces.internal.impl.XMLDocumentScannerImpl.next(XMLDocumentScannerImpl.java:605)
		at java.xml/com.sun.org.apache.xerces.internal.impl.XMLNSDocumentScannerImpl.next(XMLNSDocumentScannerImpl.java:112)
		at java.xml/com.sun.org.apache.xerces.internal.impl.XMLDocumentFragmentScannerImpl.scanDocument(XMLDocumentFragmentScannerImpl.java:542)
		at java.xml/com.sun.org.apache.xerces.internal.parsers.XML11Configuration.parse(XML11Configuration.java:889)
		at java.xml/com.sun.org.apache.xerces.internal.parsers.XML11Configuration.parse(XML11Configuration.java:825)
		at java.xml/com.sun.org.apache.xerces.internal.parsers.XMLParser.parse(XMLParser.java:141)
		at java.xml/com.sun.org.apache.xerces.internal.parsers.DOMParser.parse(DOMParser.java:247)
		at java.xml/com.sun.org.apache.xerces.internal.jaxp.DocumentBuilderImpl.parse(DocumentBuilderImpl.java:342)
		at org.springframework.beans.factory.xml.DefaultDocumentLoader.loadDocument(DefaultDocumentLoader.java:77)
		at org.springframework.beans.factory.xml.XmlBeanDefinitionReader.doLoadDocument(XmlBeanDefinitionReader.java:432)
		at org.springframework.beans.factory.xml.XmlBeanDefinitionReader.doLoadBeanDefinitions(XmlBeanDefinitionReader.java:390)
		... 40 more
29-Aug-2026 15:59:08.691 INFO [Catalina-utility-2] org.apache.catalina.core.ApplicationContext.log Closing Spring root WebApplicationContext
29-Aug-2026 15:59:08.705 SEVERE [Catalina-utility-2] org.apache.catalina.core.StandardContext.listenerStop Excepción enviando evento de contexto destruído a instancia de escuchador de clase [org.springframework.web.context.ContextLoaderListener]
	java.lang.IllegalStateException: BeanFactory not initialized or already closed - call 'refresh' before accessing beans via the ApplicationContext
		at org.springframework.context.support.AbstractRefreshableApplicationContext.getBeanFactory(AbstractRefreshableApplicationContext.java:168)
		at org.springframework.context.support.AbstractApplicationContext.destroyBeans(AbstractApplicationContext.java:1107)
		at org.springframework.context.support.AbstractApplicationContext.doClose(AbstractApplicationContext.java:1076)
		at org.springframework.context.support.AbstractApplicationContext.close(AbstractApplicationContext.java:1027)
		at org.springframework.web.context.ContextLoader.closeWebApplicationContext(ContextLoader.java:510)
		at org.springframework.web.context.ContextLoaderListener.contextDestroyed(ContextLoaderListener.java:111)
		at org.apache.catalina.core.StandardContext.listenerStop(StandardContext.java:4205)
		at org.apache.catalina.core.StandardContext.stopInternal(StandardContext.java:4809)
		at org.apache.catalina.util.LifecycleBase.stop(LifecycleBase.java:241)
		at org.apache.catalina.util.LifecycleBase.start(LifecycleBase.java:174)
		at org.apache.catalina.core.ContainerBase.addChild(ContainerBase.java:583)
		at org.apache.catalina.core.StandardHost.addChild(StandardHost.java:677)
		at org.apache.catalina.startup.HostConfig.deployWAR(HostConfig.java:924)
		at org.apache.catalina.startup.HostConfig$DeployWar.run(HostConfig.java:1872)
		at java.base/java.util.concurrent.Executors$RunnableAdapter.call(Executors.java:539)
		at java.base/java.util.concurrent.FutureTask.run(FutureTask.java:264)
		at org.apache.tomcat.util.threads.InlineExecutorService.execute(InlineExecutorService.java:92)
		at java.base/java.util.concurrent.AbstractExecutorService.submit(AbstractExecutorService.java:123)
		at org.apache.catalina.startup.HostConfig.deployWARs(HostConfig.java:755)
		at org.apache.catalina.startup.HostConfig.deployApps(HostConfig.java:410)
		at org.apache.catalina.startup.HostConfig.check(HostConfig.java:1655)
		at org.apache.catalina.startup.HostConfig.lifecycleEvent(HostConfig.java:284)
		at org.apache.catalina.util.LifecycleBase.fireLifecycleEvent(LifecycleBase.java:115)
		at org.apache.catalina.core.ContainerBase.backgroundProcess(ContainerBase.java:956)
		at org.apache.catalina.core.ContainerBase$ContainerBackgroundProcessor.processChildren(ContainerBase.java:1179)
		at org.apache.catalina.core.ContainerBase$ContainerBackgroundProcessor.processChildren(ContainerBase.java:1183)
		at org.apache.catalina.core.ContainerBase$ContainerBackgroundProcessor.run(ContainerBase.java:1156)
		at java.base/java.util.concurrent.Executors$RunnableAdapter.call(Executors.java:539)
		at java.base/java.util.concurrent.FutureTask.runAndReset(FutureTask.java:305)
		at java.base/java.util.concurrent.ScheduledThreadPoolExecutor$ScheduledFutureTask.run(ScheduledThreadPoolExecutor.java:305)
		at java.base/java.util.concurrent.ThreadPoolExecutor.runWorker(ThreadPoolExecutor.java:1136)
		at java.base/java.util.concurrent.ThreadPoolExecutor$Worker.run(ThreadPoolExecutor.java:635)
		at org.apache.tomcat.util.threads.TaskThread$WrappingRunnable.run(TaskThread.java:74)
		at java.base/java.lang.Thread.run(Thread.java:842)
29-Aug-2026 16:00:40.091 INFO [Catalina-utility-1] org.apache.catalina.core.ApplicationContext.log No Spring WebApplicationInitializer types detected on classpath
29-Aug-2026 16:00:40.095 INFO [Catalina-utility-1] org.apache.catalina.core.ApplicationContext.log Initializing Spring root WebApplicationContext
29-Aug-2026 16:00:40.365 SEVERE [Catalina-utility-1] org.apache.catalina.core.StandardContext.listenerStart Excepción al enviar evento inicializado de contexto a instancia de escuchador de clase [org.springframework.web.context.ContextLoaderListener]
	org.springframework.beans.factory.xml.XmlBeanDefinitionStoreException: Line 34 in XML document from class path resource [applicationContext.xml] is invalid
		at org.springframework.beans.factory.xml.XmlBeanDefinitionReader.doLoadBeanDefinitions(XmlBeanDefinitionReader.java:402)
		at org.springframework.beans.factory.xml.XmlBeanDefinitionReader.loadBeanDefinitions(XmlBeanDefinitionReader.java:338)
		at org.springframework.beans.factory.xml.XmlBeanDefinitionReader.loadBeanDefinitions(XmlBeanDefinitionReader.java:310)
		at org.springframework.beans.factory.support.AbstractBeanDefinitionReader.loadBeanDefinitions(AbstractBeanDefinitionReader.java:184)
		at org.springframework.beans.factory.support.AbstractBeanDefinitionReader.loadBeanDefinitions(AbstractBeanDefinitionReader.java:220)
		at org.springframework.beans.factory.support.AbstractBeanDefinitionReader.loadBeanDefinitions(AbstractBeanDefinitionReader.java:191)
		at org.springframework.web.context.support.XmlWebApplicationContext.loadBeanDefinitions(XmlWebApplicationContext.java:125)
		at org.springframework.web.context.support.XmlWebApplicationContext.loadBeanDefinitions(XmlWebApplicationContext.java:94)
		at org.springframework.context.support.AbstractRefreshableApplicationContext.refreshBeanFactory(AbstractRefreshableApplicationContext.java:130)
		at org.springframework.context.support.AbstractApplicationContext.obtainFreshBeanFactory(AbstractApplicationContext.java:696)
		at org.springframework.context.support.AbstractApplicationContext.refresh(AbstractApplicationContext.java:578)
		at org.springframework.web.context.ContextLoader.configureAndRefreshWebApplicationContext(ContextLoader.java:394)
		at org.springframework.web.context.ContextLoader.initWebApplicationContext(ContextLoader.java:274)
		at org.springframework.web.context.ContextLoaderListener.contextInitialized(ContextLoaderListener.java:102)
		at org.apache.catalina.core.StandardContext.listenerStart(StandardContext.java:4160)
		at org.apache.catalina.core.StandardContext.startInternal(StandardContext.java:4583)
		at org.apache.catalina.util.LifecycleBase.start(LifecycleBase.java:170)
		at org.apache.catalina.core.ContainerBase.addChild(ContainerBase.java:583)
		at org.apache.catalina.core.StandardHost.addChild(StandardHost.java:677)
		at org.apache.catalina.startup.HostConfig.deployWAR(HostConfig.java:924)
		at org.apache.catalina.startup.HostConfig$DeployWar.run(HostConfig.java:1872)
		at java.base/java.util.concurrent.Executors$RunnableAdapter.call(Executors.java:539)
		at java.base/java.util.concurrent.FutureTask.run(FutureTask.java:264)
		at org.apache.tomcat.util.threads.InlineExecutorService.execute(InlineExecutorService.java:92)
		at java.base/java.util.concurrent.AbstractExecutorService.submit(AbstractExecutorService.java:123)
		at org.apache.catalina.startup.HostConfig.deployWARs(HostConfig.java:755)
		at org.apache.catalina.startup.HostConfig.deployApps(HostConfig.java:410)
		at org.apache.catalina.startup.HostConfig.check(HostConfig.java:1655)
		at org.apache.catalina.startup.HostConfig.lifecycleEvent(HostConfig.java:284)
		at org.apache.catalina.util.LifecycleBase.fireLifecycleEvent(LifecycleBase.java:115)
		at org.apache.catalina.core.ContainerBase.backgroundProcess(ContainerBase.java:956)
		at org.apache.catalina.core.ContainerBase$ContainerBackgroundProcessor.processChildren(ContainerBase.java:1179)
		at org.apache.catalina.core.ContainerBase$ContainerBackgroundProcessor.processChildren(ContainerBase.java:1183)
		at org.apache.catalina.core.ContainerBase$ContainerBackgroundProcessor.run(ContainerBase.java:1156)
		at java.base/java.util.concurrent.Executors$RunnableAdapter.call(Executors.java:539)
		at java.base/java.util.concurrent.FutureTask.runAndReset(FutureTask.java:305)
		at java.base/java.util.concurrent.ScheduledThreadPoolExecutor$ScheduledFutureTask.run(ScheduledThreadPoolExecutor.java:305)
		at java.base/java.util.concurrent.ThreadPoolExecutor.runWorker(ThreadPoolExecutor.java:1136)
		at java.base/java.util.concurrent.ThreadPoolExecutor$Worker.run(ThreadPoolExecutor.java:635)
		at org.apache.tomcat.util.threads.TaskThread$WrappingRunnable.run(TaskThread.java:74)
		at java.base/java.lang.Thread.run(Thread.java:842)
	Caused by: org.xml.sax.SAXParseException; lineNumber: 34; columnNumber: 3; The markup in the document following the root element must be well-formed.
		at java.xml/com.sun.org.apache.xerces.internal.util.ErrorHandlerWrapper.createSAXParseException(ErrorHandlerWrapper.java:204)
		at java.xml/com.sun.org.apache.xerces.internal.util.ErrorHandlerWrapper.fatalError(ErrorHandlerWrapper.java:178)
		at java.xml/com.sun.org.apache.xerces.internal.impl.XMLErrorReporter.reportError(XMLErrorReporter.java:400)
		at java.xml/com.sun.org.apache.xerces.internal.impl.XMLErrorReporter.reportError(XMLErrorReporter.java:327)
		at java.xml/com.sun.org.apache.xerces.internal.impl.XMLScanner.reportFatalError(XMLScanner.java:1465)
		at java.xml/com.sun.org.apache.xerces.internal.impl.XMLDocumentScannerImpl$TrailingMiscDriver.next(XMLDocumentScannerImpl.java:1394)
		at java.xml/com.sun.org.apache.xerces.internal.impl.XMLDocumentScannerImpl.next(XMLDocumentScannerImpl.java:605)
		at java.xml/com.sun.org.apache.xerces.internal.impl.XMLNSDocumentScannerImpl.next(XMLNSDocumentScannerImpl.java:112)
		at java.xml/com.sun.org.apache.xerces.internal.impl.XMLDocumentFragmentScannerImpl.scanDocument(XMLDocumentFragmentScannerImpl.java:542)
		at java.xml/com.sun.org.apache.xerces.internal.parsers.XML11Configuration.parse(XML11Configuration.java:889)
		at java.xml/com.sun.org.apache.xerces.internal.parsers.XML11Configuration.parse(XML11Configuration.java:825)
		at java.xml/com.sun.org.apache.xerces.internal.parsers.XMLParser.parse(XMLParser.java:141)
		at java.xml/com.sun.org.apache.xerces.internal.parsers.DOMParser.parse(DOMParser.java:247)
		at java.xml/com.sun.org.apache.xerces.internal.jaxp.DocumentBuilderImpl.parse(DocumentBuilderImpl.java:342)
		at org.springframework.beans.factory.xml.DefaultDocumentLoader.loadDocument(DefaultDocumentLoader.java:77)
		at org.springframework.beans.factory.xml.XmlBeanDefinitionReader.doLoadDocument(XmlBeanDefinitionReader.java:432)
		at org.springframework.beans.factory.xml.XmlBeanDefinitionReader.doLoadBeanDefinitions(XmlBeanDefinitionReader.java:390)
		... 40 more
29-Aug-2026 16:00:40.365 INFO [Catalina-utility-1] org.apache.catalina.core.ApplicationContext.log Closing Spring root WebApplicationContext
29-Aug-2026 16:00:40.379 SEVERE [Catalina-utility-1] org.apache.catalina.core.StandardContext.listenerStop Excepción enviando evento de contexto destruído a instancia de escuchador de clase [org.springframework.web.context.ContextLoaderListener]
	java.lang.IllegalStateException: BeanFactory not initialized or already closed - call 'refresh' before accessing beans via the ApplicationContext
		at org.springframework.context.support.AbstractRefreshableApplicationContext.getBeanFactory(AbstractRefreshableApplicationContext.java:168)
		at org.springframework.context.support.AbstractApplicationContext.destroyBeans(AbstractApplicationContext.java:1107)
		at org.springframework.context.support.AbstractApplicationContext.doClose(AbstractApplicationContext.java:1076)
		at org.springframework.context.support.AbstractApplicationContext.close(AbstractApplicationContext.java:1027)
		at org.springframework.web.context.ContextLoader.closeWebApplicationContext(ContextLoader.java:510)
		at org.springframework.web.context.ContextLoaderListener.contextDestroyed(ContextLoaderListener.java:111)
		at org.apache.catalina.core.StandardContext.listenerStop(StandardContext.java:4205)
		at org.apache.catalina.core.StandardContext.stopInternal(StandardContext.java:4809)
		at org.apache.catalina.util.LifecycleBase.stop(LifecycleBase.java:241)
		at org.apache.catalina.util.LifecycleBase.start(LifecycleBase.java:174)
		at org.apache.catalina.core.ContainerBase.addChild(ContainerBase.java:583)
		at org.apache.catalina.core.StandardHost.addChild(StandardHost.java:677)
		at org.apache.catalina.startup.HostConfig.deployWAR(HostConfig.java:924)
		at org.apache.catalina.startup.HostConfig$DeployWar.run(HostConfig.java:1872)
		at java.base/java.util.concurrent.Executors$RunnableAdapter.call(Executors.java:539)
		at java.base/java.util.concurrent.FutureTask.run(FutureTask.java:264)
		at org.apache.tomcat.util.threads.InlineExecutorService.execute(InlineExecutorService.java:92)
		at java.base/java.util.concurrent.AbstractExecutorService.submit(AbstractExecutorService.java:123)
		at org.apache.catalina.startup.HostConfig.deployWARs(HostConfig.java:755)
		at org.apache.catalina.startup.HostConfig.deployApps(HostConfig.java:410)
		at org.apache.catalina.startup.HostConfig.check(HostConfig.java:1655)
		at org.apache.catalina.startup.HostConfig.lifecycleEvent(HostConfig.java:284)
		at org.apache.catalina.util.LifecycleBase.fireLifecycleEvent(LifecycleBase.java:115)
		at org.apache.catalina.core.ContainerBase.backgroundProcess(ContainerBase.java:956)
		at org.apache.catalina.core.ContainerBase$ContainerBackgroundProcessor.processChildren(ContainerBase.java:1179)
		at org.apache.catalina.core.ContainerBase$ContainerBackgroundProcessor.processChildren(ContainerBase.java:1183)
		at org.apache.catalina.core.ContainerBase$ContainerBackgroundProcessor.run(ContainerBase.java:1156)
		at java.base/java.util.concurrent.Executors$RunnableAdapter.call(Executors.java:539)
		at java.base/java.util.concurrent.FutureTask.runAndReset(FutureTask.java:305)
		at java.base/java.util.concurrent.ScheduledThreadPoolExecutor$ScheduledFutureTask.run(ScheduledThreadPoolExecutor.java:305)
		at java.base/java.util.concurrent.ThreadPoolExecutor.runWorker(ThreadPoolExecutor.java:1136)
		at java.base/java.util.concurrent.ThreadPoolExecutor$Worker.run(ThreadPoolExecutor.java:635)
		at org.apache.tomcat.util.threads.TaskThread$WrappingRunnable.run(TaskThread.java:74)
		at java.base/java.lang.Thread.run(Thread.java:842)
29-Aug-2026 16:02:51.813 INFO [Catalina-utility-1] org.apache.catalina.core.ApplicationContext.log No Spring WebApplicationInitializer types detected on classpath
29-Aug-2026 16:02:51.813 INFO [Catalina-utility-1] org.apache.catalina.core.ApplicationContext.log Initializing Spring root WebApplicationContext
29-Aug-2026 16:02:52.092 SEVERE [Catalina-utility-1] org.apache.catalina.core.StandardContext.listenerStart Excepción al enviar evento inicializado de contexto a instancia de escuchador de clase [org.springframework.web.context.ContextLoaderListener]
	org.springframework.beans.factory.xml.XmlBeanDefinitionStoreException: Line 37 in XML document from class path resource [applicationContext.xml] is invalid
		at org.springframework.beans.factory.xml.XmlBeanDefinitionReader.doLoadBeanDefinitions(XmlBeanDefinitionReader.java:402)
		at org.springframework.beans.factory.xml.XmlBeanDefinitionReader.loadBeanDefinitions(XmlBeanDefinitionReader.java:338)
		at org.springframework.beans.factory.xml.XmlBeanDefinitionReader.loadBeanDefinitions(XmlBeanDefinitionReader.java:310)
		at org.springframework.beans.factory.support.AbstractBeanDefinitionReader.loadBeanDefinitions(AbstractBeanDefinitionReader.java:184)
		at org.springframework.beans.factory.support.AbstractBeanDefinitionReader.loadBeanDefinitions(AbstractBeanDefinitionReader.java:220)
		at org.springframework.beans.factory.support.AbstractBeanDefinitionReader.loadBeanDefinitions(AbstractBeanDefinitionReader.java:191)
		at org.springframework.web.context.support.XmlWebApplicationContext.loadBeanDefinitions(XmlWebApplicationContext.java:125)
		at org.springframework.web.context.support.XmlWebApplicationContext.loadBeanDefinitions(XmlWebApplicationContext.java:94)
		at org.springframework.context.support.AbstractRefreshableApplicationContext.refreshBeanFactory(AbstractRefreshableApplicationContext.java:130)
		at org.springframework.context.support.AbstractApplicationContext.obtainFreshBeanFactory(AbstractApplicationContext.java:696)
		at org.springframework.context.support.AbstractApplicationContext.refresh(AbstractApplicationContext.java:578)
		at org.springframework.web.context.ContextLoader.configureAndRefreshWebApplicationContext(ContextLoader.java:394)
		at org.springframework.web.context.ContextLoader.initWebApplicationContext(ContextLoader.java:274)
		at org.springframework.web.context.ContextLoaderListener.contextInitialized(ContextLoaderListener.java:102)
		at org.apache.catalina.core.StandardContext.listenerStart(StandardContext.java:4160)
		at org.apache.catalina.core.StandardContext.startInternal(StandardContext.java:4583)
		at org.apache.catalina.util.LifecycleBase.start(LifecycleBase.java:170)
		at org.apache.catalina.core.ContainerBase.addChild(ContainerBase.java:583)
		at org.apache.catalina.core.StandardHost.addChild(StandardHost.java:677)
		at org.apache.catalina.startup.HostConfig.deployWAR(HostConfig.java:924)
		at org.apache.catalina.startup.HostConfig$DeployWar.run(HostConfig.java:1872)
		at java.base/java.util.concurrent.Executors$RunnableAdapter.call(Executors.java:539)
		at java.base/java.util.concurrent.FutureTask.run(FutureTask.java:264)
		at org.apache.tomcat.util.threads.InlineExecutorService.execute(InlineExecutorService.java:92)
		at java.base/java.util.concurrent.AbstractExecutorService.submit(AbstractExecutorService.java:123)
		at org.apache.catalina.startup.HostConfig.deployWARs(HostConfig.java:755)
		at org.apache.catalina.startup.HostConfig.deployApps(HostConfig.java:410)
		at org.apache.catalina.startup.HostConfig.check(HostConfig.java:1655)
		at org.apache.catalina.startup.HostConfig.lifecycleEvent(HostConfig.java:284)
		at org.apache.catalina.util.LifecycleBase.fireLifecycleEvent(LifecycleBase.java:115)
		at org.apache.catalina.core.ContainerBase.backgroundProcess(ContainerBase.java:956)
		at org.apache.catalina.core.ContainerBase$ContainerBackgroundProcessor.processChildren(ContainerBase.java:1179)
		at org.apache.catalina.core.ContainerBase$ContainerBackgroundProcessor.processChildren(ContainerBase.java:1183)
		at org.apache.catalina.core.ContainerBase$ContainerBackgroundProcessor.run(ContainerBase.java:1156)
		at java.base/java.util.concurrent.Executors$RunnableAdapter.call(Executors.java:539)
		at java.base/java.util.concurrent.FutureTask.runAndReset(FutureTask.java:305)
		at java.base/java.util.concurrent.ScheduledThreadPoolExecutor$ScheduledFutureTask.run(ScheduledThreadPoolExecutor.java:305)
		at java.base/java.util.concurrent.ThreadPoolExecutor.runWorker(ThreadPoolExecutor.java:1136)
		at java.base/java.util.concurrent.ThreadPoolExecutor$Worker.run(ThreadPoolExecutor.java:635)
		at org.apache.tomcat.util.threads.TaskThread$WrappingRunnable.run(TaskThread.java:74)
		at java.base/java.lang.Thread.run(Thread.java:842)
	Caused by: org.xml.sax.SAXParseException; lineNumber: 37; columnNumber: 3; The markup in the document following the root element must be well-formed.
		at java.xml/com.sun.org.apache.xerces.internal.util.ErrorHandlerWrapper.createSAXParseException(ErrorHandlerWrapper.java:204)
		at java.xml/com.sun.org.apache.xerces.internal.util.ErrorHandlerWrapper.fatalError(ErrorHandlerWrapper.java:178)
		at java.xml/com.sun.org.apache.xerces.internal.impl.XMLErrorReporter.reportError(XMLErrorReporter.java:400)
		at java.xml/com.sun.org.apache.xerces.internal.impl.XMLErrorReporter.reportError(XMLErrorReporter.java:327)
		at java.xml/com.sun.org.apache.xerces.internal.impl.XMLScanner.reportFatalError(XMLScanner.java:1465)
		at java.xml/com.sun.org.apache.xerces.internal.impl.XMLDocumentScannerImpl$TrailingMiscDriver.next(XMLDocumentScannerImpl.java:1394)
		at java.xml/com.sun.org.apache.xerces.internal.impl.XMLDocumentScannerImpl.next(XMLDocumentScannerImpl.java:605)
		at java.xml/com.sun.org.apache.xerces.internal.impl.XMLNSDocumentScannerImpl.next(XMLNSDocumentScannerImpl.java:112)
		at java.xml/com.sun.org.apache.xerces.internal.impl.XMLDocumentFragmentScannerImpl.scanDocument(XMLDocumentFragmentScannerImpl.java:542)
		at java.xml/com.sun.org.apache.xerces.internal.parsers.XML11Configuration.parse(XML11Configuration.java:889)
		at java.xml/com.sun.org.apache.xerces.internal.parsers.XML11Configuration.parse(XML11Configuration.java:825)
		at java.xml/com.sun.org.apache.xerces.internal.parsers.XMLParser.parse(XMLParser.java:141)
		at java.xml/com.sun.org.apache.xerces.internal.parsers.DOMParser.parse(DOMParser.java:247)
		at java.xml/com.sun.org.apache.xerces.internal.jaxp.DocumentBuilderImpl.parse(DocumentBuilderImpl.java:342)
		at org.springframework.beans.factory.xml.DefaultDocumentLoader.loadDocument(DefaultDocumentLoader.java:77)
		at org.springframework.beans.factory.xml.XmlBeanDefinitionReader.doLoadDocument(XmlBeanDefinitionReader.java:432)
		at org.springframework.beans.factory.xml.XmlBeanDefinitionReader.doLoadBeanDefinitions(XmlBeanDefinitionReader.java:390)
		... 40 more
29-Aug-2026 16:02:52.093 INFO [Catalina-utility-1] org.apache.catalina.core.ApplicationContext.log Closing Spring root WebApplicationContext
29-Aug-2026 16:02:52.103 SEVERE [Catalina-utility-1] org.apache.catalina.core.StandardContext.listenerStop Excepción enviando evento de contexto destruído a instancia de escuchador de clase [org.springframework.web.context.ContextLoaderListener]
	java.lang.IllegalStateException: BeanFactory not initialized or already closed - call 'refresh' before accessing beans via the ApplicationContext
		at org.springframework.context.support.AbstractRefreshableApplicationContext.getBeanFactory(AbstractRefreshableApplicationContext.java:168)
		at org.springframework.context.support.AbstractApplicationContext.destroyBeans(AbstractApplicationContext.java:1107)
		at org.springframework.context.support.AbstractApplicationContext.doClose(AbstractApplicationContext.java:1076)
		at org.springframework.context.support.AbstractApplicationContext.close(AbstractApplicationContext.java:1027)
		at org.springframework.web.context.ContextLoader.closeWebApplicationContext(ContextLoader.java:510)
		at org.springframework.web.context.ContextLoaderListener.contextDestroyed(ContextLoaderListener.java:111)
		at org.apache.catalina.core.StandardContext.listenerStop(StandardContext.java:4205)
		at org.apache.catalina.core.StandardContext.stopInternal(StandardContext.java:4809)
		at org.apache.catalina.util.LifecycleBase.stop(LifecycleBase.java:241)
		at org.apache.catalina.util.LifecycleBase.start(LifecycleBase.java:174)
		at org.apache.catalina.core.ContainerBase.addChild(ContainerBase.java:583)
		at org.apache.catalina.core.StandardHost.addChild(StandardHost.java:677)
		at org.apache.catalina.startup.HostConfig.deployWAR(HostConfig.java:924)
		at org.apache.catalina.startup.HostConfig$DeployWar.run(HostConfig.java:1872)
		at java.base/java.util.concurrent.Executors$RunnableAdapter.call(Executors.java:539)
		at java.base/java.util.concurrent.FutureTask.run(FutureTask.java:264)
		at org.apache.tomcat.util.threads.InlineExecutorService.execute(InlineExecutorService.java:92)
		at java.base/java.util.concurrent.AbstractExecutorService.submit(AbstractExecutorService.java:123)
		at org.apache.catalina.startup.HostConfig.deployWARs(HostConfig.java:755)
		at org.apache.catalina.startup.HostConfig.deployApps(HostConfig.java:410)
		at org.apache.catalina.startup.HostConfig.check(HostConfig.java:1655)
		at org.apache.catalina.startup.HostConfig.lifecycleEvent(HostConfig.java:284)
		at org.apache.catalina.util.LifecycleBase.fireLifecycleEvent(LifecycleBase.java:115)
		at org.apache.catalina.core.ContainerBase.backgroundProcess(ContainerBase.java:956)
		at org.apache.catalina.core.ContainerBase$ContainerBackgroundProcessor.processChildren(ContainerBase.java:1179)
		at org.apache.catalina.core.ContainerBase$ContainerBackgroundProcessor.processChildren(ContainerBase.java:1183)
		at org.apache.catalina.core.ContainerBase$ContainerBackgroundProcessor.run(ContainerBase.java:1156)
		at java.base/java.util.concurrent.Executors$RunnableAdapter.call(Executors.java:539)
		at java.base/java.util.concurrent.FutureTask.runAndReset(FutureTask.java:305)
		at java.base/java.util.concurrent.ScheduledThreadPoolExecutor$ScheduledFutureTask.run(ScheduledThreadPoolExecutor.java:305)
		at java.base/java.util.concurrent.ThreadPoolExecutor.runWorker(ThreadPoolExecutor.java:1136)
		at java.base/java.util.concurrent.ThreadPoolExecutor$Worker.run(ThreadPoolExecutor.java:635)
		at org.apache.tomcat.util.threads.TaskThread$WrappingRunnable.run(TaskThread.java:74)
		at java.base/java.lang.Thread.run(Thread.java:842)
29-Aug-2026 16:03:43.370 INFO [Catalina-utility-2] org.apache.catalina.core.ApplicationContext.log No Spring WebApplicationInitializer types detected on classpath
29-Aug-2026 16:03:43.377 INFO [Catalina-utility-2] org.apache.catalina.core.ApplicationContext.log Initializing Spring root WebApplicationContext
29-Aug-2026 16:03:43.714 SEVERE [Catalina-utility-2] org.apache.catalina.core.StandardContext.listenerStart Excepción al enviar evento inicializado de contexto a instancia de escuchador de clase [org.springframework.web.context.ContextLoaderListener]
	org.springframework.beans.factory.xml.XmlBeanDefinitionStoreException: Line 37 in XML document from class path resource [applicationContext.xml] is invalid
		at org.springframework.beans.factory.xml.XmlBeanDefinitionReader.doLoadBeanDefinitions(XmlBeanDefinitionReader.java:402)
		at org.springframework.beans.factory.xml.XmlBeanDefinitionReader.loadBeanDefinitions(XmlBeanDefinitionReader.java:338)
		at org.springframework.beans.factory.xml.XmlBeanDefinitionReader.loadBeanDefinitions(XmlBeanDefinitionReader.java:310)
		at org.springframework.beans.factory.support.AbstractBeanDefinitionReader.loadBeanDefinitions(AbstractBeanDefinitionReader.java:184)
		at org.springframework.beans.factory.support.AbstractBeanDefinitionReader.loadBeanDefinitions(AbstractBeanDefinitionReader.java:220)
		at org.springframework.beans.factory.support.AbstractBeanDefinitionReader.loadBeanDefinitions(AbstractBeanDefinitionReader.java:191)
		at org.springframework.web.context.support.XmlWebApplicationContext.loadBeanDefinitions(XmlWebApplicationContext.java:125)
		at org.springframework.web.context.support.XmlWebApplicationContext.loadBeanDefinitions(XmlWebApplicationContext.java:94)
		at org.springframework.context.support.AbstractRefreshableApplicationContext.refreshBeanFactory(AbstractRefreshableApplicationContext.java:130)
		at org.springframework.context.support.AbstractApplicationContext.obtainFreshBeanFactory(AbstractApplicationContext.java:696)
		at org.springframework.context.support.AbstractApplicationContext.refresh(AbstractApplicationContext.java:578)
		at org.springframework.web.context.ContextLoader.configureAndRefreshWebApplicationContext(ContextLoader.java:394)
		at org.springframework.web.context.ContextLoader.initWebApplicationContext(ContextLoader.java:274)
		at org.springframework.web.context.ContextLoaderListener.contextInitialized(ContextLoaderListener.java:102)
		at org.apache.catalina.core.StandardContext.listenerStart(StandardContext.java:4160)
		at org.apache.catalina.core.StandardContext.startInternal(StandardContext.java:4583)
		at org.apache.catalina.util.LifecycleBase.start(LifecycleBase.java:170)
		at org.apache.catalina.core.ContainerBase.addChild(ContainerBase.java:583)
		at org.apache.catalina.core.StandardHost.addChild(StandardHost.java:677)
		at org.apache.catalina.startup.HostConfig.deployWAR(HostConfig.java:924)
		at org.apache.catalina.startup.HostConfig$DeployWar.run(HostConfig.java:1872)
		at java.base/java.util.concurrent.Executors$RunnableAdapter.call(Executors.java:539)
		at java.base/java.util.concurrent.FutureTask.run(FutureTask.java:264)
		at org.apache.tomcat.util.threads.InlineExecutorService.execute(InlineExecutorService.java:92)
		at java.base/java.util.concurrent.AbstractExecutorService.submit(AbstractExecutorService.java:123)
		at org.apache.catalina.startup.HostConfig.deployWARs(HostConfig.java:755)
		at org.apache.catalina.startup.HostConfig.deployApps(HostConfig.java:410)
		at org.apache.catalina.startup.HostConfig.check(HostConfig.java:1655)
		at org.apache.catalina.startup.HostConfig.lifecycleEvent(HostConfig.java:284)
		at org.apache.catalina.util.LifecycleBase.fireLifecycleEvent(LifecycleBase.java:115)
		at org.apache.catalina.core.ContainerBase.backgroundProcess(ContainerBase.java:956)
		at org.apache.catalina.core.ContainerBase$ContainerBackgroundProcessor.processChildren(ContainerBase.java:1179)
		at org.apache.catalina.core.ContainerBase$ContainerBackgroundProcessor.processChildren(ContainerBase.java:1183)
		at org.apache.catalina.core.ContainerBase$ContainerBackgroundProcessor.run(ContainerBase.java:1156)
		at java.base/java.util.concurrent.Executors$RunnableAdapter.call(Executors.java:539)
		at java.base/java.util.concurrent.FutureTask.runAndReset(FutureTask.java:305)
		at java.base/java.util.concurrent.ScheduledThreadPoolExecutor$ScheduledFutureTask.run(ScheduledThreadPoolExecutor.java:305)
		at java.base/java.util.concurrent.ThreadPoolExecutor.runWorker(ThreadPoolExecutor.java:1136)
		at java.base/java.util.concurrent.ThreadPoolExecutor$Worker.run(ThreadPoolExecutor.java:635)
		at org.apache.tomcat.util.threads.TaskThread$WrappingRunnable.run(TaskThread.java:74)
		at java.base/java.lang.Thread.run(Thread.java:842)
	Caused by: org.xml.sax.SAXParseException; lineNumber: 37; columnNumber: 3; The markup in the document following the root element must be well-formed.
		at java.xml/com.sun.org.apache.xerces.internal.util.ErrorHandlerWrapper.createSAXParseException(ErrorHandlerWrapper.java:204)
		at java.xml/com.sun.org.apache.xerces.internal.util.ErrorHandlerWrapper.fatalError(ErrorHandlerWrapper.java:178)
		at java.xml/com.sun.org.apache.xerces.internal.impl.XMLErrorReporter.reportError(XMLErrorReporter.java:400)
		at java.xml/com.sun.org.apache.xerces.internal.impl.XMLErrorReporter.reportError(XMLErrorReporter.java:327)
		at java.xml/com.sun.org.apache.xerces.internal.impl.XMLScanner.reportFatalError(XMLScanner.java:1465)
		at java.xml/com.sun.org.apache.xerces.internal.impl.XMLDocumentScannerImpl$TrailingMiscDriver.next(XMLDocumentScannerImpl.java:1394)
		at java.xml/com.sun.org.apache.xerces.internal.impl.XMLDocumentScannerImpl.next(XMLDocumentScannerImpl.java:605)
		at java.xml/com.sun.org.apache.xerces.internal.impl.XMLNSDocumentScannerImpl.next(XMLNSDocumentScannerImpl.java:112)
		at java.xml/com.sun.org.apache.xerces.internal.impl.XMLDocumentFragmentScannerImpl.scanDocument(XMLDocumentFragmentScannerImpl.java:542)
		at java.xml/com.sun.org.apache.xerces.internal.parsers.XML11Configuration.parse(XML11Configuration.java:889)
		at java.xml/com.sun.org.apache.xerces.internal.parsers.XML11Configuration.parse(XML11Configuration.java:825)
		at java.xml/com.sun.org.apache.xerces.internal.parsers.XMLParser.parse(XMLParser.java:141)
		at java.xml/com.sun.org.apache.xerces.internal.parsers.DOMParser.parse(DOMParser.java:247)
		at java.xml/com.sun.org.apache.xerces.internal.jaxp.DocumentBuilderImpl.parse(DocumentBuilderImpl.java:342)
		at org.springframework.beans.factory.xml.DefaultDocumentLoader.loadDocument(DefaultDocumentLoader.java:77)
		at org.springframework.beans.factory.xml.XmlBeanDefinitionReader.doLoadDocument(XmlBeanDefinitionReader.java:432)
		at org.springframework.beans.factory.xml.XmlBeanDefinitionReader.doLoadBeanDefinitions(XmlBeanDefinitionReader.java:390)
		... 40 more
29-Aug-2026 16:03:43.715 INFO [Catalina-utility-2] org.apache.catalina.core.ApplicationContext.log Closing Spring root WebApplicationContext
29-Aug-2026 16:03:43.728 SEVERE [Catalina-utility-2] org.apache.catalina.core.StandardContext.listenerStop Excepción enviando evento de contexto destruído a instancia de escuchador de clase [org.springframework.web.context.ContextLoaderListener]
	java.lang.IllegalStateException: BeanFactory not initialized or already closed - call 'refresh' before accessing beans via the ApplicationContext
		at org.springframework.context.support.AbstractRefreshableApplicationContext.getBeanFactory(AbstractRefreshableApplicationContext.java:168)
		at org.springframework.context.support.AbstractApplicationContext.destroyBeans(AbstractApplicationContext.java:1107)
		at org.springframework.context.support.AbstractApplicationContext.doClose(AbstractApplicationContext.java:1076)
		at org.springframework.context.support.AbstractApplicationContext.close(AbstractApplicationContext.java:1027)
		at org.springframework.web.context.ContextLoader.closeWebApplicationContext(ContextLoader.java:510)
		at org.springframework.web.context.ContextLoaderListener.contextDestroyed(ContextLoaderListener.java:111)
		at org.apache.catalina.core.StandardContext.listenerStop(StandardContext.java:4205)
		at org.apache.catalina.core.StandardContext.stopInternal(StandardContext.java:4809)
		at org.apache.catalina.util.LifecycleBase.stop(LifecycleBase.java:241)
		at org.apache.catalina.util.LifecycleBase.start(LifecycleBase.java:174)
		at org.apache.catalina.core.ContainerBase.addChild(ContainerBase.java:583)
		at org.apache.catalina.core.StandardHost.addChild(StandardHost.java:677)
		at org.apache.catalina.startup.HostConfig.deployWAR(HostConfig.java:924)
		at org.apache.catalina.startup.HostConfig$DeployWar.run(HostConfig.java:1872)
		at java.base/java.util.concurrent.Executors$RunnableAdapter.call(Executors.java:539)
		at java.base/java.util.concurrent.FutureTask.run(FutureTask.java:264)
		at org.apache.tomcat.util.threads.InlineExecutorService.execute(InlineExecutorService.java:92)
		at java.base/java.util.concurrent.AbstractExecutorService.submit(AbstractExecutorService.java:123)
		at org.apache.catalina.startup.HostConfig.deployWARs(HostConfig.java:755)
		at org.apache.catalina.startup.HostConfig.deployApps(HostConfig.java:410)
		at org.apache.catalina.startup.HostConfig.check(HostConfig.java:1655)
		at org.apache.catalina.startup.HostConfig.lifecycleEvent(HostConfig.java:284)
		at org.apache.catalina.util.LifecycleBase.fireLifecycleEvent(LifecycleBase.java:115)
		at org.apache.catalina.core.ContainerBase.backgroundProcess(ContainerBase.java:956)
		at org.apache.catalina.core.ContainerBase$ContainerBackgroundProcessor.processChildren(ContainerBase.java:1179)
		at org.apache.catalina.core.ContainerBase$ContainerBackgroundProcessor.processChildren(ContainerBase.java:1183)
		at org.apache.catalina.core.ContainerBase$ContainerBackgroundProcessor.run(ContainerBase.java:1156)
		at java.base/java.util.concurrent.Executors$RunnableAdapter.call(Executors.java:539)
		at java.base/java.util.concurrent.FutureTask.runAndReset(FutureTask.java:305)
		at java.base/java.util.concurrent.ScheduledThreadPoolExecutor$ScheduledFutureTask.run(ScheduledThreadPoolExecutor.java:305)
		at java.base/java.util.concurrent.ThreadPoolExecutor.runWorker(ThreadPoolExecutor.java:1136)
		at java.base/java.util.concurrent.ThreadPoolExecutor$Worker.run(ThreadPoolExecutor.java:635)
		at org.apache.tomcat.util.threads.TaskThread$WrappingRunnable.run(TaskThread.java:74)
		at java.base/java.lang.Thread.run(Thread.java:842)
29-Aug-2026 16:04:15.027 INFO [Catalina-utility-2] org.apache.catalina.core.ApplicationContext.log No Spring WebApplicationInitializer types detected on classpath
29-Aug-2026 16:04:15.037 INFO [Catalina-utility-2] org.apache.catalina.core.ApplicationContext.log Initializing Spring root WebApplicationContext
29-Aug-2026 16:07:45.837 INFO [Catalina-utility-1] org.apache.catalina.core.ApplicationContext.log Closing Spring root WebApplicationContext
29-Aug-2026 16:07:47.254 INFO [Catalina-utility-1] org.apache.catalina.core.ApplicationContext.log No Spring WebApplicationInitializer types detected on classpath
29-Aug-2026 16:07:47.262 INFO [Catalina-utility-1] org.apache.catalina.core.ApplicationContext.log Initializing Spring root WebApplicationContext
29-Aug-2026 16:08:05.014 SEVERE [http-nio-8080-exec-67] org.apache.catalina.core.StandardWrapperValve.invoke Servlet.service() para servlet [postListServlet] lanzó excepción
	java.lang.NullPointerException: Cannot invoke "com.parcial.model.Author.getName()" because the return value of "com.parcial.model.Post.getAuthor()" is null
		at com.parcial.servlets.PostListServlet.doGet(PostListServlet.java:44)
		at jakarta.servlet.http.HttpServlet.service(HttpServlet.java:622)
		at jakarta.servlet.http.HttpServlet.service(HttpServlet.java:710)
		at org.apache.catalina.core.ApplicationFilterChain.doFilter(ApplicationFilterChain.java:132)
		at org.apache.tomcat.websocket.server.WsFilter.doFilter(WsFilter.java:59)
		at org.apache.catalina.core.ApplicationFilterChain.doFilter(ApplicationFilterChain.java:111)
		at org.apache.catalina.core.StandardWrapperValve.invoke(StandardWrapperValve.java:165)
		at org.apache.catalina.core.StandardContextValve.invoke(StandardContextValve.java:77)
		at org.apache.catalina.authenticator.AuthenticatorBase.invoke(AuthenticatorBase.java:535)
		at org.apache.catalina.core.StandardHostValve.invoke(StandardHostValve.java:115)
		at org.apache.catalina.valves.ErrorReportValve.invoke(ErrorReportValve.java:86)
		at org.apache.catalina.valves.AbstractAccessLogValve.invoke(AbstractAccessLogValve.java:782)
		at org.apache.catalina.core.StandardEngineValve.invoke(StandardEngineValve.java:71)
		at org.apache.catalina.connector.CoyoteAdapter.service(CoyoteAdapter.java:347)
		at org.apache.coyote.http11.Http11Processor.service(Http11Processor.java:406)
		at org.apache.coyote.AbstractProcessorLight.process(AbstractProcessorLight.java:71)
		at org.apache.coyote.AbstractProtocol$ConnectionHandler.process(AbstractProtocol.java:1307)
		at org.apache.tomcat.util.net.NioEndpoint$SocketProcessor.doRun(NioEndpoint.java:2036)
		at org.apache.tomcat.util.net.SocketProcessorBase.run(SocketProcessorBase.java:74)
		at org.apache.tomcat.util.threads.ThreadPoolExecutor.runWorker(ThreadPoolExecutor.java:949)
		at org.apache.tomcat.util.threads.ThreadPoolExecutor$Worker.run(ThreadPoolExecutor.java:483)
		at org.apache.tomcat.util.threads.TaskThread$WrappingRunnable.run(TaskThread.java:74)
		at java.base/java.lang.Thread.run(Thread.java:842)
29-Aug-2026 16:08:35.928 SEVERE [http-nio-8080-exec-68] org.apache.catalina.core.StandardWrapperValve.invoke Servlet.service() para servlet [postListServlet] lanzó excepción
	java.lang.NullPointerException: Cannot invoke "com.parcial.model.Author.getName()" because the return value of "com.parcial.model.Post.getAuthor()" is null
		at com.parcial.servlets.PostListServlet.doGet(PostListServlet.java:44)
		at jakarta.servlet.http.HttpServlet.service(HttpServlet.java:622)
		at jakarta.servlet.http.HttpServlet.service(HttpServlet.java:710)
		at org.apache.catalina.core.ApplicationFilterChain.doFilter(ApplicationFilterChain.java:132)
		at org.apache.tomcat.websocket.server.WsFilter.doFilter(WsFilter.java:59)
		at org.apache.catalina.core.ApplicationFilterChain.doFilter(ApplicationFilterChain.java:111)
		at org.apache.catalina.core.StandardWrapperValve.invoke(StandardWrapperValve.java:165)
		at org.apache.catalina.core.StandardContextValve.invoke(StandardContextValve.java:77)
		at org.apache.catalina.authenticator.AuthenticatorBase.invoke(AuthenticatorBase.java:535)
		at org.apache.catalina.core.StandardHostValve.invoke(StandardHostValve.java:115)
		at org.apache.catalina.valves.ErrorReportValve.invoke(ErrorReportValve.java:86)
		at org.apache.catalina.valves.AbstractAccessLogValve.invoke(AbstractAccessLogValve.java:782)
		at org.apache.catalina.core.StandardEngineValve.invoke(StandardEngineValve.java:71)
		at org.apache.catalina.connector.CoyoteAdapter.service(CoyoteAdapter.java:347)
		at org.apache.coyote.http11.Http11Processor.service(Http11Processor.java:406)
		at org.apache.coyote.AbstractProcessorLight.process(AbstractProcessorLight.java:71)
		at org.apache.coyote.AbstractProtocol$ConnectionHandler.process(AbstractProtocol.java:1307)
		at org.apache.tomcat.util.net.NioEndpoint$SocketProcessor.doRun(NioEndpoint.java:2036)
		at org.apache.tomcat.util.net.SocketProcessorBase.run(SocketProcessorBase.java:74)
		at org.apache.tomcat.util.threads.ThreadPoolExecutor.runWorker(ThreadPoolExecutor.java:949)
		at org.apache.tomcat.util.threads.ThreadPoolExecutor$Worker.run(ThreadPoolExecutor.java:483)
		at org.apache.tomcat.util.threads.TaskThread$WrappingRunnable.run(TaskThread.java:74)
		at java.base/java.lang.Thread.run(Thread.java:842)
29-Aug-2026 16:08:36.076 SEVERE [http-nio-8080-exec-69] org.apache.catalina.core.StandardWrapperValve.invoke Servlet.service() para servlet [postListServlet] lanzó excepción
	java.lang.NullPointerException: Cannot invoke "com.parcial.model.Author.getName()" because the return value of "com.parcial.model.Post.getAuthor()" is null
		at com.parcial.servlets.PostListServlet.doGet(PostListServlet.java:44)
		at jakarta.servlet.http.HttpServlet.service(HttpServlet.java:622)
		at jakarta.servlet.http.HttpServlet.service(HttpServlet.java:710)
		at org.apache.catalina.core.ApplicationFilterChain.doFilter(ApplicationFilterChain.java:132)
		at org.apache.tomcat.websocket.server.WsFilter.doFilter(WsFilter.java:59)
		at org.apache.catalina.core.ApplicationFilterChain.doFilter(ApplicationFilterChain.java:111)
		at org.apache.catalina.core.StandardWrapperValve.invoke(StandardWrapperValve.java:165)
		at org.apache.catalina.core.StandardContextValve.invoke(StandardContextValve.java:77)
		at org.apache.catalina.authenticator.AuthenticatorBase.invoke(AuthenticatorBase.java:535)
		at org.apache.catalina.core.StandardHostValve.invoke(StandardHostValve.java:115)
		at org.apache.catalina.valves.ErrorReportValve.invoke(ErrorReportValve.java:86)
		at org.apache.catalina.valves.AbstractAccessLogValve.invoke(AbstractAccessLogValve.java:782)
		at org.apache.catalina.core.StandardEngineValve.invoke(StandardEngineValve.java:71)
		at org.apache.catalina.connector.CoyoteAdapter.service(CoyoteAdapter.java:347)
		at org.apache.coyote.http11.Http11Processor.service(Http11Processor.java:406)
		at org.apache.coyote.AbstractProcessorLight.process(AbstractProcessorLight.java:71)
		at org.apache.coyote.AbstractProtocol$ConnectionHandler.process(AbstractProtocol.java:1307)
		at org.apache.tomcat.util.net.NioEndpoint$SocketProcessor.doRun(NioEndpoint.java:2036)
		at org.apache.tomcat.util.net.SocketProcessorBase.run(SocketProcessorBase.java:74)
		at org.apache.tomcat.util.threads.ThreadPoolExecutor.runWorker(ThreadPoolExecutor.java:949)
		at org.apache.tomcat.util.threads.ThreadPoolExecutor$Worker.run(ThreadPoolExecutor.java:483)
		at org.apache.tomcat.util.threads.TaskThread$WrappingRunnable.run(TaskThread.java:74)
		at java.base/java.lang.Thread.run(Thread.java:842)
29-Aug-2026 16:08:36.226 SEVERE [http-nio-8080-exec-52] org.apache.catalina.core.StandardWrapperValve.invoke Servlet.service() para servlet [postListServlet] lanzó excepción
	java.lang.NullPointerException: Cannot invoke "com.parcial.model.Author.getName()" because the return value of "com.parcial.model.Post.getAuthor()" is null
		at com.parcial.servlets.PostListServlet.doGet(PostListServlet.java:44)
		at jakarta.servlet.http.HttpServlet.service(HttpServlet.java:622)
		at jakarta.servlet.http.HttpServlet.service(HttpServlet.java:710)
		at org.apache.catalina.core.ApplicationFilterChain.doFilter(ApplicationFilterChain.java:132)
		at org.apache.tomcat.websocket.server.WsFilter.doFilter(WsFilter.java:59)
		at org.apache.catalina.core.ApplicationFilterChain.doFilter(ApplicationFilterChain.java:111)
		at org.apache.catalina.core.StandardWrapperValve.invoke(StandardWrapperValve.java:165)
		at org.apache.catalina.core.StandardContextValve.invoke(StandardContextValve.java:77)
		at org.apache.catalina.authenticator.AuthenticatorBase.invoke(AuthenticatorBase.java:535)
		at org.apache.catalina.core.StandardHostValve.invoke(StandardHostValve.java:115)
		at org.apache.catalina.valves.ErrorReportValve.invoke(ErrorReportValve.java:86)
		at org.apache.catalina.valves.AbstractAccessLogValve.invoke(AbstractAccessLogValve.java:782)
		at org.apache.catalina.core.StandardEngineValve.invoke(StandardEngineValve.java:71)
		at org.apache.catalina.connector.CoyoteAdapter.service(CoyoteAdapter.java:347)
		at org.apache.coyote.http11.Http11Processor.service(Http11Processor.java:406)
		at org.apache.coyote.AbstractProcessorLight.process(AbstractProcessorLight.java:71)
		at org.apache.coyote.AbstractProtocol$ConnectionHandler.process(AbstractProtocol.java:1307)
		at org.apache.tomcat.util.net.NioEndpoint$SocketProcessor.doRun(NioEndpoint.java:2036)
		at org.apache.tomcat.util.net.SocketProcessorBase.run(SocketProcessorBase.java:74)
		at org.apache.tomcat.util.threads.ThreadPoolExecutor.runWorker(ThreadPoolExecutor.java:949)
		at org.apache.tomcat.util.threads.ThreadPoolExecutor$Worker.run(ThreadPoolExecutor.java:483)
		at org.apache.tomcat.util.threads.TaskThread$WrappingRunnable.run(TaskThread.java:74)
		at java.base/java.lang.Thread.run(Thread.java:842)
29-Aug-2026 16:08:37.957 INFO [Catalina-utility-1] org.apache.catalina.core.ApplicationContext.log Closing Spring root WebApplicationContext
29-Aug-2026 16:08:39.340 INFO [Catalina-utility-1] org.apache.catalina.core.ApplicationContext.log No Spring WebApplicationInitializer types detected on classpath
29-Aug-2026 16:08:39.353 INFO [Catalina-utility-1] org.apache.catalina.core.ApplicationContext.log Initializing Spring root WebApplicationContext
29-Aug-2026 16:08:41.407 SEVERE [http-nio-8080-exec-70] org.apache.catalina.core.StandardWrapperValve.invoke Servlet.service() para servlet [postListServlet] lanzó excepción
	java.lang.NullPointerException: Cannot invoke "com.parcial.model.Author.getName()" because the return value of "com.parcial.model.Post.getAuthor()" is null
		at com.parcial.servlets.PostListServlet.doGet(PostListServlet.java:44)
		at jakarta.servlet.http.HttpServlet.service(HttpServlet.java:622)
		at jakarta.servlet.http.HttpServlet.service(HttpServlet.java:710)
		at org.apache.catalina.core.ApplicationFilterChain.doFilter(ApplicationFilterChain.java:132)
		at org.apache.tomcat.websocket.server.WsFilter.doFilter(WsFilter.java:59)
		at org.apache.catalina.core.ApplicationFilterChain.doFilter(ApplicationFilterChain.java:111)
		at org.apache.catalina.core.StandardWrapperValve.invoke(StandardWrapperValve.java:165)
		at org.apache.catalina.core.StandardContextValve.invoke(StandardContextValve.java:77)
		at org.apache.catalina.authenticator.AuthenticatorBase.invoke(AuthenticatorBase.java:535)
		at org.apache.catalina.core.StandardHostValve.invoke(StandardHostValve.java:115)
		at org.apache.catalina.valves.ErrorReportValve.invoke(ErrorReportValve.java:86)
		at org.apache.catalina.valves.AbstractAccessLogValve.invoke(AbstractAccessLogValve.java:782)
		at org.apache.catalina.core.StandardEngineValve.invoke(StandardEngineValve.java:71)
		at org.apache.catalina.connector.CoyoteAdapter.service(CoyoteAdapter.java:347)
		at org.apache.coyote.http11.Http11Processor.service(Http11Processor.java:406)
		at org.apache.coyote.AbstractProcessorLight.process(AbstractProcessorLight.java:71)
		at org.apache.coyote.AbstractProtocol$ConnectionHandler.process(AbstractProtocol.java:1307)
		at org.apache.tomcat.util.net.NioEndpoint$SocketProcessor.doRun(NioEndpoint.java:2036)
		at org.apache.tomcat.util.net.SocketProcessorBase.run(SocketProcessorBase.java:74)
		at org.apache.tomcat.util.threads.ThreadPoolExecutor.runWorker(ThreadPoolExecutor.java:949)
		at org.apache.tomcat.util.threads.ThreadPoolExecutor$Worker.run(ThreadPoolExecutor.java:483)
		at org.apache.tomcat.util.threads.TaskThread$WrappingRunnable.run(TaskThread.java:74)
		at java.base/java.lang.Thread.run(Thread.java:842)
29-Aug-2026 16:09:20.092 INFO [Catalina-utility-1] org.apache.catalina.core.ApplicationContext.log Closing Spring root WebApplicationContext
29-Aug-2026 16:09:21.525 INFO [Catalina-utility-1] org.apache.catalina.core.ApplicationContext.log No Spring WebApplicationInitializer types detected on classpath
29-Aug-2026 16:09:21.532 INFO [Catalina-utility-1] org.apache.catalina.core.ApplicationContext.log Initializing Spring root WebApplicationContext
29-Aug-2026 16:09:32.097 INFO [Catalina-utility-2] org.apache.catalina.core.ApplicationContext.log Closing Spring root WebApplicationContext
29-Aug-2026 16:09:33.366 INFO [Catalina-utility-2] org.apache.catalina.core.ApplicationContext.log No Spring WebApplicationInitializer types detected on classpath
29-Aug-2026 16:09:33.373 INFO [Catalina-utility-2] org.apache.catalina.core.ApplicationContext.log Initializing Spring root WebApplicationContext
29-Aug-2026 16:09:35.152 SEVERE [http-nio-8080-exec-77] org.apache.catalina.core.StandardWrapperValve.invoke Servlet.service() para servlet [postListServlet] lanzó excepción
	java.lang.NullPointerException: Cannot invoke "com.parcial.model.Author.getName()" because the return value of "com.parcial.model.Post.getAuthor()" is null
		at com.parcial.servlets.PostListServlet.doGet(PostListServlet.java:44)
		at jakarta.servlet.http.HttpServlet.service(HttpServlet.java:622)
		at jakarta.servlet.http.HttpServlet.service(HttpServlet.java:710)
		at org.apache.catalina.core.ApplicationFilterChain.doFilter(ApplicationFilterChain.java:132)
		at org.apache.tomcat.websocket.server.WsFilter.doFilter(WsFilter.java:59)
		at org.apache.catalina.core.ApplicationFilterChain.doFilter(ApplicationFilterChain.java:111)
		at org.apache.catalina.core.StandardWrapperValve.invoke(StandardWrapperValve.java:165)
		at org.apache.catalina.core.StandardContextValve.invoke(StandardContextValve.java:77)
		at org.apache.catalina.authenticator.AuthenticatorBase.invoke(AuthenticatorBase.java:535)
		at org.apache.catalina.core.StandardHostValve.invoke(StandardHostValve.java:115)
		at org.apache.catalina.valves.ErrorReportValve.invoke(ErrorReportValve.java:86)
		at org.apache.catalina.valves.AbstractAccessLogValve.invoke(AbstractAccessLogValve.java:782)
		at org.apache.catalina.core.StandardEngineValve.invoke(StandardEngineValve.java:71)
		at org.apache.catalina.connector.CoyoteAdapter.service(CoyoteAdapter.java:347)
		at org.apache.coyote.http11.Http11Processor.service(Http11Processor.java:406)
		at org.apache.coyote.AbstractProcessorLight.process(AbstractProcessorLight.java:71)
		at org.apache.coyote.AbstractProtocol$ConnectionHandler.process(AbstractProtocol.java:1307)
		at org.apache.tomcat.util.net.NioEndpoint$SocketProcessor.doRun(NioEndpoint.java:2036)
		at org.apache.tomcat.util.net.SocketProcessorBase.run(SocketProcessorBase.java:74)
		at org.apache.tomcat.util.threads.ThreadPoolExecutor.runWorker(ThreadPoolExecutor.java:949)
		at org.apache.tomcat.util.threads.ThreadPoolExecutor$Worker.run(ThreadPoolExecutor.java:483)
		at org.apache.tomcat.util.threads.TaskThread$WrappingRunnable.run(TaskThread.java:74)
		at java.base/java.lang.Thread.run(Thread.java:842)
29-Aug-2026 16:22:41.322 SEVERE [http-nio-8080-exec-85] org.apache.catalina.core.StandardWrapperValve.invoke Servlet.service() para servlet [postListServlet] lanzó excepción
	java.lang.NullPointerException: Cannot invoke "com.parcial.model.Author.getName()" because the return value of "com.parcial.model.Post.getAuthor()" is null
		at com.parcial.servlets.PostListServlet.doGet(PostListServlet.java:44)
		at jakarta.servlet.http.HttpServlet.service(HttpServlet.java:622)
		at jakarta.servlet.http.HttpServlet.service(HttpServlet.java:710)
		at org.apache.catalina.core.ApplicationFilterChain.doFilter(ApplicationFilterChain.java:132)
		at org.apache.tomcat.websocket.server.WsFilter.doFilter(WsFilter.java:59)
		at org.apache.catalina.core.ApplicationFilterChain.doFilter(ApplicationFilterChain.java:111)
		at org.apache.catalina.core.StandardWrapperValve.invoke(StandardWrapperValve.java:165)
		at org.apache.catalina.core.StandardContextValve.invoke(StandardContextValve.java:77)
		at org.apache.catalina.authenticator.AuthenticatorBase.invoke(AuthenticatorBase.java:535)
		at org.apache.catalina.core.StandardHostValve.invoke(StandardHostValve.java:115)
		at org.apache.catalina.valves.ErrorReportValve.invoke(ErrorReportValve.java:86)
		at org.apache.catalina.valves.AbstractAccessLogValve.invoke(AbstractAccessLogValve.java:782)
		at org.apache.catalina.core.StandardEngineValve.invoke(StandardEngineValve.java:71)
		at org.apache.catalina.connector.CoyoteAdapter.service(CoyoteAdapter.java:347)
		at org.apache.coyote.http11.Http11Processor.service(Http11Processor.java:406)
		at org.apache.coyote.AbstractProcessorLight.process(AbstractProcessorLight.java:71)
		at org.apache.coyote.AbstractProtocol$ConnectionHandler.process(AbstractProtocol.java:1307)
		at org.apache.tomcat.util.net.NioEndpoint$SocketProcessor.doRun(NioEndpoint.java:2036)
		at org.apache.tomcat.util.net.SocketProcessorBase.run(SocketProcessorBase.java:74)
		at org.apache.tomcat.util.threads.ThreadPoolExecutor.runWorker(ThreadPoolExecutor.java:949)
		at org.apache.tomcat.util.threads.ThreadPoolExecutor$Worker.run(ThreadPoolExecutor.java:483)
		at org.apache.tomcat.util.threads.TaskThread$WrappingRunnable.run(TaskThread.java:74)
		at java.base/java.lang.Thread.run(Thread.java:842)
29-Aug-2026 16:22:42.552 SEVERE [http-nio-8080-exec-86] org.apache.catalina.core.StandardWrapperValve.invoke Servlet.service() para servlet [postListServlet] lanzó excepción
	java.lang.NullPointerException: Cannot invoke "com.parcial.model.Author.getName()" because the return value of "com.parcial.model.Post.getAuthor()" is null
		at com.parcial.servlets.PostListServlet.doGet(PostListServlet.java:44)
		at jakarta.servlet.http.HttpServlet.service(HttpServlet.java:622)
		at jakarta.servlet.http.HttpServlet.service(HttpServlet.java:710)
		at org.apache.catalina.core.ApplicationFilterChain.doFilter(ApplicationFilterChain.java:132)
		at org.apache.tomcat.websocket.server.WsFilter.doFilter(WsFilter.java:59)
		at org.apache.catalina.core.ApplicationFilterChain.doFilter(ApplicationFilterChain.java:111)
		at org.apache.catalina.core.StandardWrapperValve.invoke(StandardWrapperValve.java:165)
		at org.apache.catalina.core.StandardContextValve.invoke(StandardContextValve.java:77)
		at org.apache.catalina.authenticator.AuthenticatorBase.invoke(AuthenticatorBase.java:535)
		at org.apache.catalina.core.StandardHostValve.invoke(StandardHostValve.java:115)
		at org.apache.catalina.valves.ErrorReportValve.invoke(ErrorReportValve.java:86)
		at org.apache.catalina.valves.AbstractAccessLogValve.invoke(AbstractAccessLogValve.java:782)
		at org.apache.catalina.core.StandardEngineValve.invoke(StandardEngineValve.java:71)
		at org.apache.catalina.connector.CoyoteAdapter.service(CoyoteAdapter.java:347)
		at org.apache.coyote.http11.Http11Processor.service(Http11Processor.java:406)
		at org.apache.coyote.AbstractProcessorLight.process(AbstractProcessorLight.java:71)
		at org.apache.coyote.AbstractProtocol$ConnectionHandler.process(AbstractProtocol.java:1307)
		at org.apache.tomcat.util.net.NioEndpoint$SocketProcessor.doRun(NioEndpoint.java:2036)
		at org.apache.tomcat.util.net.SocketProcessorBase.run(SocketProcessorBase.java:74)
		at org.apache.tomcat.util.threads.ThreadPoolExecutor.runWorker(ThreadPoolExecutor.java:949)
		at org.apache.tomcat.util.threads.ThreadPoolExecutor$Worker.run(ThreadPoolExecutor.java:483)
		at org.apache.tomcat.util.threads.TaskThread$WrappingRunnable.run(TaskThread.java:74)
		at java.base/java.lang.Thread.run(Thread.java:842)
29-Aug-2026 16:22:42.748 SEVERE [http-nio-8080-exec-87] org.apache.catalina.core.StandardWrapperValve.invoke Servlet.service() para servlet [postListServlet] lanzó excepción
	java.lang.NullPointerException: Cannot invoke "com.parcial.model.Author.getName()" because the return value of "com.parcial.model.Post.getAuthor()" is null
		at com.parcial.servlets.PostListServlet.doGet(PostListServlet.java:44)
		at jakarta.servlet.http.HttpServlet.service(HttpServlet.java:622)
		at jakarta.servlet.http.HttpServlet.service(HttpServlet.java:710)
		at org.apache.catalina.core.ApplicationFilterChain.doFilter(ApplicationFilterChain.java:132)
		at org.apache.tomcat.websocket.server.WsFilter.doFilter(WsFilter.java:59)
		at org.apache.catalina.core.ApplicationFilterChain.doFilter(ApplicationFilterChain.java:111)
		at org.apache.catalina.core.StandardWrapperValve.invoke(StandardWrapperValve.java:165)
		at org.apache.catalina.core.StandardContextValve.invoke(StandardContextValve.java:77)
		at org.apache.catalina.authenticator.AuthenticatorBase.invoke(AuthenticatorBase.java:535)
		at org.apache.catalina.core.StandardHostValve.invoke(StandardHostValve.java:115)
		at org.apache.catalina.valves.ErrorReportValve.invoke(ErrorReportValve.java:86)
		at org.apache.catalina.valves.AbstractAccessLogValve.invoke(AbstractAccessLogValve.java:782)
		at org.apache.catalina.core.StandardEngineValve.invoke(StandardEngineValve.java:71)
		at org.apache.catalina.connector.CoyoteAdapter.service(CoyoteAdapter.java:347)
		at org.apache.coyote.http11.Http11Processor.service(Http11Processor.java:406)
		at org.apache.coyote.AbstractProcessorLight.process(AbstractProcessorLight.java:71)
		at org.apache.coyote.AbstractProtocol$ConnectionHandler.process(AbstractProtocol.java:1307)
		at org.apache.tomcat.util.net.NioEndpoint$SocketProcessor.doRun(NioEndpoint.java:2036)
		at org.apache.tomcat.util.net.SocketProcessorBase.run(SocketProcessorBase.java:74)
		at org.apache.tomcat.util.threads.ThreadPoolExecutor.runWorker(ThreadPoolExecutor.java:949)
		at org.apache.tomcat.util.threads.ThreadPoolExecutor$Worker.run(ThreadPoolExecutor.java:483)
		at org.apache.tomcat.util.threads.TaskThread$WrappingRunnable.run(TaskThread.java:74)
		at java.base/java.lang.Thread.run(Thread.java:842)
29-Aug-2026 16:22:42.876 SEVERE [http-nio-8080-exec-88] org.apache.catalina.core.StandardWrapperValve.invoke Servlet.service() para servlet [postListServlet] lanzó excepción
	java.lang.NullPointerException: Cannot invoke "com.parcial.model.Author.getName()" because the return value of "com.parcial.model.Post.getAuthor()" is null
		at com.parcial.servlets.PostListServlet.doGet(PostListServlet.java:44)
		at jakarta.servlet.http.HttpServlet.service(HttpServlet.java:622)
		at jakarta.servlet.http.HttpServlet.service(HttpServlet.java:710)
		at org.apache.catalina.core.ApplicationFilterChain.doFilter(ApplicationFilterChain.java:132)
		at org.apache.tomcat.websocket.server.WsFilter.doFilter(WsFilter.java:59)
		at org.apache.catalina.core.ApplicationFilterChain.doFilter(ApplicationFilterChain.java:111)
		at org.apache.catalina.core.StandardWrapperValve.invoke(StandardWrapperValve.java:165)
		at org.apache.catalina.core.StandardContextValve.invoke(StandardContextValve.java:77)
		at org.apache.catalina.authenticator.AuthenticatorBase.invoke(AuthenticatorBase.java:535)
		at org.apache.catalina.core.StandardHostValve.invoke(StandardHostValve.java:115)
		at org.apache.catalina.valves.ErrorReportValve.invoke(ErrorReportValve.java:86)
		at org.apache.catalina.valves.AbstractAccessLogValve.invoke(AbstractAccessLogValve.java:782)
		at org.apache.catalina.core.StandardEngineValve.invoke(StandardEngineValve.java:71)
		at org.apache.catalina.connector.CoyoteAdapter.service(CoyoteAdapter.java:347)
		at org.apache.coyote.http11.Http11Processor.service(Http11Processor.java:406)
		at org.apache.coyote.AbstractProcessorLight.process(AbstractProcessorLight.java:71)
		at org.apache.coyote.AbstractProtocol$ConnectionHandler.process(AbstractProtocol.java:1307)
		at org.apache.tomcat.util.net.NioEndpoint$SocketProcessor.doRun(NioEndpoint.java:2036)
		at org.apache.tomcat.util.net.SocketProcessorBase.run(SocketProcessorBase.java:74)
		at org.apache.tomcat.util.threads.ThreadPoolExecutor.runWorker(ThreadPoolExecutor.java:949)
		at org.apache.tomcat.util.threads.ThreadPoolExecutor$Worker.run(ThreadPoolExecutor.java:483)
		at org.apache.tomcat.util.threads.TaskThread$WrappingRunnable.run(TaskThread.java:74)
		at java.base/java.lang.Thread.run(Thread.java:842)
29-Aug-2026 16:22:43.028 SEVERE [http-nio-8080-exec-89] org.apache.catalina.core.StandardWrapperValve.invoke Servlet.service() para servlet [postListServlet] lanzó excepción
	java.lang.NullPointerException: Cannot invoke "com.parcial.model.Author.getName()" because the return value of "com.parcial.model.Post.getAuthor()" is null
		at com.parcial.servlets.PostListServlet.doGet(PostListServlet.java:44)
		at jakarta.servlet.http.HttpServlet.service(HttpServlet.java:622)
		at jakarta.servlet.http.HttpServlet.service(HttpServlet.java:710)
		at org.apache.catalina.core.ApplicationFilterChain.doFilter(ApplicationFilterChain.java:132)
		at org.apache.tomcat.websocket.server.WsFilter.doFilter(WsFilter.java:59)
		at org.apache.catalina.core.ApplicationFilterChain.doFilter(ApplicationFilterChain.java:111)
		at org.apache.catalina.core.StandardWrapperValve.invoke(StandardWrapperValve.java:165)
		at org.apache.catalina.core.StandardContextValve.invoke(StandardContextValve.java:77)
		at org.apache.catalina.authenticator.AuthenticatorBase.invoke(AuthenticatorBase.java:535)
		at org.apache.catalina.core.StandardHostValve.invoke(StandardHostValve.java:115)
		at org.apache.catalina.valves.ErrorReportValve.invoke(ErrorReportValve.java:86)
		at org.apache.catalina.valves.AbstractAccessLogValve.invoke(AbstractAccessLogValve.java:782)
		at org.apache.catalina.core.StandardEngineValve.invoke(StandardEngineValve.java:71)
		at org.apache.catalina.connector.CoyoteAdapter.service(CoyoteAdapter.java:347)
		at org.apache.coyote.http11.Http11Processor.service(Http11Processor.java:406)
		at org.apache.coyote.AbstractProcessorLight.process(AbstractProcessorLight.java:71)
		at org.apache.coyote.AbstractProtocol$ConnectionHandler.process(AbstractProtocol.java:1307)
		at org.apache.tomcat.util.net.NioEndpoint$SocketProcessor.doRun(NioEndpoint.java:2036)
		at org.apache.tomcat.util.net.SocketProcessorBase.run(SocketProcessorBase.java:74)
		at org.apache.tomcat.util.threads.ThreadPoolExecutor.runWorker(ThreadPoolExecutor.java:949)
		at org.apache.tomcat.util.threads.ThreadPoolExecutor$Worker.run(ThreadPoolExecutor.java:483)
		at org.apache.tomcat.util.threads.TaskThread$WrappingRunnable.run(TaskThread.java:74)
		at java.base/java.lang.Thread.run(Thread.java:842)
29-Aug-2026 16:22:43.169 SEVERE [http-nio-8080-exec-90] org.apache.catalina.core.StandardWrapperValve.invoke Servlet.service() para servlet [postListServlet] lanzó excepción
	java.lang.NullPointerException: Cannot invoke "com.parcial.model.Author.getName()" because the return value of "com.parcial.model.Post.getAuthor()" is null
		at com.parcial.servlets.PostListServlet.doGet(PostListServlet.java:44)
		at jakarta.servlet.http.HttpServlet.service(HttpServlet.java:622)
		at jakarta.servlet.http.HttpServlet.service(HttpServlet.java:710)
		at org.apache.catalina.core.ApplicationFilterChain.doFilter(ApplicationFilterChain.java:132)
		at org.apache.tomcat.websocket.server.WsFilter.doFilter(WsFilter.java:59)
		at org.apache.catalina.core.ApplicationFilterChain.doFilter(ApplicationFilterChain.java:111)
		at org.apache.catalina.core.StandardWrapperValve.invoke(StandardWrapperValve.java:165)
		at org.apache.catalina.core.StandardContextValve.invoke(StandardContextValve.java:77)
		at org.apache.catalina.authenticator.AuthenticatorBase.invoke(AuthenticatorBase.java:535)
		at org.apache.catalina.core.StandardHostValve.invoke(StandardHostValve.java:115)
		at org.apache.catalina.valves.ErrorReportValve.invoke(ErrorReportValve.java:86)
		at org.apache.catalina.valves.AbstractAccessLogValve.invoke(AbstractAccessLogValve.java:782)
		at org.apache.catalina.core.StandardEngineValve.invoke(StandardEngineValve.java:71)
		at org.apache.catalina.connector.CoyoteAdapter.service(CoyoteAdapter.java:347)
		at org.apache.coyote.http11.Http11Processor.service(Http11Processor.java:406)
		at org.apache.coyote.AbstractProcessorLight.process(AbstractProcessorLight.java:71)
		at org.apache.coyote.AbstractProtocol$ConnectionHandler.process(AbstractProtocol.java:1307)
		at org.apache.tomcat.util.net.NioEndpoint$SocketProcessor.doRun(NioEndpoint.java:2036)
		at org.apache.tomcat.util.net.SocketProcessorBase.run(SocketProcessorBase.java:74)
		at org.apache.tomcat.util.threads.ThreadPoolExecutor.runWorker(ThreadPoolExecutor.java:949)
		at org.apache.tomcat.util.threads.ThreadPoolExecutor$Worker.run(ThreadPoolExecutor.java:483)
		at org.apache.tomcat.util.threads.TaskThread$WrappingRunnable.run(TaskThread.java:74)
		at java.base/java.lang.Thread.run(Thread.java:842)
29-Aug-2026 16:22:45.166 INFO [Catalina-utility-2] org.apache.catalina.core.ApplicationContext.log Closing Spring root WebApplicationContext
29-Aug-2026 16:22:46.631 INFO [Catalina-utility-2] org.apache.catalina.core.ApplicationContext.log No Spring WebApplicationInitializer types detected on classpath
29-Aug-2026 16:22:46.640 INFO [Catalina-utility-2] org.apache.catalina.core.ApplicationContext.log Initializing Spring root WebApplicationContext
29-Aug-2026 16:35:18.273 INFO [Catalina-utility-2] org.apache.catalina.core.ApplicationContext.log Closing Spring root WebApplicationContext
29-Aug-2026 16:35:19.610 INFO [Catalina-utility-2] org.apache.catalina.core.ApplicationContext.log No Spring WebApplicationInitializer types detected on classpath
29-Aug-2026 16:35:19.619 INFO [Catalina-utility-2] org.apache.catalina.core.ApplicationContext.log Initializing Spring root WebApplicationContext
29-Aug-2026 16:35:20.277 SEVERE [Catalina-utility-2] org.apache.catalina.core.StandardContext.listenerStart Excepción al enviar evento inicializado de contexto a instancia de escuchador de clase [org.springframework.web.context.ContextLoaderListener]
	org.springframework.beans.factory.BeanCreationException: Error creating bean with name 'postRepository' defined in class path resource [applicationContext.xml]: Failed to instantiate [com.parcial.repository.impl.PostRepositoryImpl]: No default constructor found
		at org.springframework.beans.factory.support.AbstractAutowireCapableBeanFactory.instantiateBean(AbstractAutowireCapableBeanFactory.java:1314)
		at org.springframework.beans.factory.support.AbstractAutowireCapableBeanFactory.createBeanInstance(AbstractAutowireCapableBeanFactory.java:1199)
		at org.springframework.beans.factory.support.AbstractAutowireCapableBeanFactory.doCreateBean(AbstractAutowireCapableBeanFactory.java:560)
		at org.springframework.beans.factory.support.AbstractAutowireCapableBeanFactory.createBean(AbstractAutowireCapableBeanFactory.java:520)
		at org.springframework.beans.factory.support.AbstractBeanFactory.lambda$doGetBean$0(AbstractBeanFactory.java:326)
		at org.springframework.beans.factory.support.DefaultSingletonBeanRegistry.getSingleton(DefaultSingletonBeanRegistry.java:234)
		at org.springframework.beans.factory.support.AbstractBeanFactory.doGetBean(AbstractBeanFactory.java:324)
		at org.springframework.beans.factory.support.AbstractBeanFactory.getBean(AbstractBeanFactory.java:200)
		at org.springframework.beans.factory.support.DefaultListableBeanFactory.preInstantiateSingletons(DefaultListableBeanFactory.java:973)
		at org.springframework.context.support.AbstractApplicationContext.finishBeanFactoryInitialization(AbstractApplicationContext.java:942)
		at org.springframework.context.support.AbstractApplicationContext.refresh(AbstractApplicationContext.java:608)
		at org.springframework.web.context.ContextLoader.configureAndRefreshWebApplicationContext(ContextLoader.java:394)
		at org.springframework.web.context.ContextLoader.initWebApplicationContext(ContextLoader.java:274)
		at org.springframework.web.context.ContextLoaderListener.contextInitialized(ContextLoaderListener.java:102)
		at org.apache.catalina.core.StandardContext.listenerStart(StandardContext.java:4160)
		at org.apache.catalina.core.StandardContext.startInternal(StandardContext.java:4583)
		at org.apache.catalina.util.LifecycleBase.start(LifecycleBase.java:170)
		at org.apache.catalina.core.ContainerBase.addChild(ContainerBase.java:583)
		at org.apache.catalina.core.StandardHost.addChild(StandardHost.java:677)
		at org.apache.catalina.startup.HostConfig.deployWAR(HostConfig.java:924)
		at org.apache.catalina.startup.HostConfig$DeployWar.run(HostConfig.java:1872)
		at java.base/java.util.concurrent.Executors$RunnableAdapter.call(Executors.java:539)
		at java.base/java.util.concurrent.FutureTask.run(FutureTask.java:264)
		at org.apache.tomcat.util.threads.InlineExecutorService.execute(InlineExecutorService.java:92)
		at java.base/java.util.concurrent.AbstractExecutorService.submit(AbstractExecutorService.java:123)
		at org.apache.catalina.startup.HostConfig.deployWARs(HostConfig.java:755)
		at org.apache.catalina.startup.HostConfig.deployApps(HostConfig.java:410)
		at org.apache.catalina.startup.HostConfig.check(HostConfig.java:1655)
		at org.apache.catalina.startup.HostConfig.lifecycleEvent(HostConfig.java:284)
		at org.apache.catalina.util.LifecycleBase.fireLifecycleEvent(LifecycleBase.java:115)
		at org.apache.catalina.core.ContainerBase.backgroundProcess(ContainerBase.java:956)
		at org.apache.catalina.core.ContainerBase$ContainerBackgroundProcessor.processChildren(ContainerBase.java:1179)
		at org.apache.catalina.core.ContainerBase$ContainerBackgroundProcessor.processChildren(ContainerBase.java:1183)
		at org.apache.catalina.core.ContainerBase$ContainerBackgroundProcessor.run(ContainerBase.java:1156)
		at java.base/java.util.concurrent.Executors$RunnableAdapter.call(Executors.java:539)
		at java.base/java.util.concurrent.FutureTask.runAndReset(FutureTask.java:305)
		at java.base/java.util.concurrent.ScheduledThreadPoolExecutor$ScheduledFutureTask.run(ScheduledThreadPoolExecutor.java:305)
		at java.base/java.util.concurrent.ThreadPoolExecutor.runWorker(ThreadPoolExecutor.java:1136)
		at java.base/java.util.concurrent.ThreadPoolExecutor$Worker.run(ThreadPoolExecutor.java:635)
		at org.apache.tomcat.util.threads.TaskThread$WrappingRunnable.run(TaskThread.java:74)
		at java.base/java.lang.Thread.run(Thread.java:842)
	Caused by: org.springframework.beans.BeanInstantiationException: Failed to instantiate [com.parcial.repository.impl.PostRepositoryImpl]: No default constructor found
		at org.springframework.beans.factory.support.SimpleInstantiationStrategy.instantiate(SimpleInstantiationStrategy.java:83)
		at org.springframework.beans.factory.support.AbstractAutowireCapableBeanFactory.instantiateBean(AbstractAutowireCapableBeanFactory.java:1308)
		... 40 more
	Caused by: java.lang.NoSuchMethodException: com.parcial.repository.impl.PostRepositoryImpl.<init>()
		at java.base/java.lang.Class.getConstructor0(Class.java:3585)
		at java.base/java.lang.Class.getDeclaredConstructor(Class.java:2754)
		at org.springframework.beans.factory.support.SimpleInstantiationStrategy.instantiate(SimpleInstantiationStrategy.java:79)
		... 41 more
29-Aug-2026 16:35:20.280 INFO [Catalina-utility-2] org.apache.catalina.core.ApplicationContext.log Closing Spring root WebApplicationContext
29-Aug-2026 16:36:11.607 INFO [Catalina-utility-1] org.apache.catalina.core.ApplicationContext.log No Spring WebApplicationInitializer types detected on classpath
29-Aug-2026 16:36:11.608 INFO [Catalina-utility-1] org.apache.catalina.core.ApplicationContext.log Initializing Spring root WebApplicationContext
29-Aug-2026 16:46:32.921 INFO [Catalina-utility-1] org.apache.catalina.core.ApplicationContext.log Closing Spring root WebApplicationContext
29-Aug-2026 16:46:34.245 INFO [Catalina-utility-1] org.apache.catalina.core.ApplicationContext.log No Spring WebApplicationInitializer types detected on classpath
29-Aug-2026 16:46:34.250 INFO [Catalina-utility-1] org.apache.catalina.core.ApplicationContext.log Initializing Spring root WebApplicationContext
29-Aug-2026 16:49:05.099 INFO [Catalina-utility-2] org.apache.catalina.core.ApplicationContext.log Closing Spring root WebApplicationContext
29-Aug-2026 16:49:06.438 INFO [Catalina-utility-2] org.apache.catalina.core.ApplicationContext.log No Spring WebApplicationInitializer types detected on classpath
29-Aug-2026 16:49:06.445 INFO [Catalina-utility-2] org.apache.catalina.core.ApplicationContext.log Initializing Spring root WebApplicationContext
29-Aug-2026 16:49:47.008 INFO [Catalina-utility-1] org.apache.catalina.core.ApplicationContext.log Closing Spring root WebApplicationContext
29-Aug-2026 16:49:48.276 INFO [Catalina-utility-1] org.apache.catalina.core.ApplicationContext.log No Spring WebApplicationInitializer types detected on classpath
29-Aug-2026 16:49:48.279 INFO [Catalina-utility-1] org.apache.catalina.core.ApplicationContext.log Initializing Spring root WebApplicationContext
29-Aug-2026 16:52:09.113 INFO [Catalina-utility-2] org.apache.catalina.core.ApplicationContext.log Closing Spring root WebApplicationContext
29-Aug-2026 16:52:10.383 INFO [Catalina-utility-2] org.apache.catalina.core.ApplicationContext.log No Spring WebApplicationInitializer types detected on classpath
29-Aug-2026 16:52:10.388 INFO [Catalina-utility-2] org.apache.catalina.core.ApplicationContext.log Initializing Spring root WebApplicationContext
29-Aug-2026 16:55:31.214 INFO [Catalina-utility-1] org.apache.catalina.core.ApplicationContext.log Closing Spring root WebApplicationContext
29-Aug-2026 16:55:32.608 INFO [Catalina-utility-1] org.apache.catalina.core.ApplicationContext.log No Spring WebApplicationInitializer types detected on classpath
29-Aug-2026 16:55:32.624 INFO [Catalina-utility-1] org.apache.catalina.core.ApplicationContext.log Initializing Spring root WebApplicationContext
29-Aug-2026 17:04:34.147 INFO [Catalina-utility-2] org.apache.catalina.core.ApplicationContext.log Closing Spring root WebApplicationContext
29-Aug-2026 17:04:35.498 INFO [Catalina-utility-2] org.apache.catalina.core.ApplicationContext.log No Spring WebApplicationInitializer types detected on classpath
29-Aug-2026 17:04:35.505 INFO [Catalina-utility-2] org.apache.catalina.core.ApplicationContext.log Initializing Spring root WebApplicationContext
29-Aug-2026 18:16:11.993 INFO [Catalina-utility-2] org.apache.catalina.core.ApplicationContext.log Closing Spring root WebApplicationContext
29-Aug-2026 18:16:13.762 INFO [Catalina-utility-2] org.apache.catalina.core.ApplicationContext.log No Spring WebApplicationInitializer types detected on classpath
29-Aug-2026 18:16:13.775 INFO [Catalina-utility-2] org.apache.catalina.core.ApplicationContext.log Initializing Spring root WebApplicationContext
29-Aug-2026 18:16:38.066 SEVERE [http-nio-8080-exec-166] org.apache.catalina.core.ApplicationContext.log Servlet.init() para servlet [createAuthorServlet] lanzó excepción
	org.springframework.beans.factory.NoSuchBeanDefinitionException: No bean named 'authorService' available
		at org.springframework.beans.factory.support.DefaultListableBeanFactory.getBeanDefinition(DefaultListableBeanFactory.java:893)
		at org.springframework.beans.factory.support.AbstractBeanFactory.getMergedLocalBeanDefinition(AbstractBeanFactory.java:1318)
		at org.springframework.beans.factory.support.AbstractBeanFactory.doGetBean(AbstractBeanFactory.java:300)
		at org.springframework.beans.factory.support.AbstractBeanFactory.getBean(AbstractBeanFactory.java:200)
		at org.springframework.context.support.AbstractApplicationContext.getBean(AbstractApplicationContext.java:1155)
		at com.parcial.servlets.CreateAuthorServlet.init(CreateAuthorServlet.java:27)
		at jakarta.servlet.GenericServlet.init(GenericServlet.java:145)
		at jakarta.servlet.http.HttpServlet.init(HttpServlet.java:124)
		at org.apache.catalina.core.StandardWrapper.initServlet(StandardWrapper.java:832)
		at org.apache.catalina.core.StandardWrapper.loadServlet(StandardWrapper.java:802)
		at org.apache.catalina.core.StandardWrapper.allocate(StandardWrapper.java:584)
		at org.apache.catalina.core.StandardWrapperValve.invoke(StandardWrapperValve.java:113)
		at org.apache.catalina.core.StandardContextValve.invoke(StandardContextValve.java:77)
		at org.apache.catalina.authenticator.AuthenticatorBase.invoke(AuthenticatorBase.java:535)
		at org.apache.catalina.core.StandardHostValve.invoke(StandardHostValve.java:115)
		at org.apache.catalina.valves.ErrorReportValve.invoke(ErrorReportValve.java:86)
		at org.apache.catalina.valves.AbstractAccessLogValve.invoke(AbstractAccessLogValve.java:782)
		at org.apache.catalina.core.StandardEngineValve.invoke(StandardEngineValve.java:71)
		at org.apache.catalina.connector.CoyoteAdapter.service(CoyoteAdapter.java:347)
		at org.apache.coyote.http11.Http11Processor.service(Http11Processor.java:406)
		at org.apache.coyote.AbstractProcessorLight.process(AbstractProcessorLight.java:71)
		at org.apache.coyote.AbstractProtocol$ConnectionHandler.process(AbstractProtocol.java:1307)
		at org.apache.tomcat.util.net.NioEndpoint$SocketProcessor.doRun(NioEndpoint.java:2036)
		at org.apache.tomcat.util.net.SocketProcessorBase.run(SocketProcessorBase.java:74)
		at org.apache.tomcat.util.threads.ThreadPoolExecutor.runWorker(ThreadPoolExecutor.java:949)
		at org.apache.tomcat.util.threads.ThreadPoolExecutor$Worker.run(ThreadPoolExecutor.java:483)
		at org.apache.tomcat.util.threads.TaskThread$WrappingRunnable.run(TaskThread.java:74)
		at java.base/java.lang.Thread.run(Thread.java:842)
29-Aug-2026 18:16:38.067 SEVERE [http-nio-8080-exec-166] org.apache.catalina.core.StandardWrapperValve.invoke Excepción de reserva de espacio para servlet [createAuthorServlet]
	org.springframework.beans.factory.NoSuchBeanDefinitionException: No bean named 'authorService' available
		at org.springframework.beans.factory.support.DefaultListableBeanFactory.getBeanDefinition(DefaultListableBeanFactory.java:893)
		at org.springframework.beans.factory.support.AbstractBeanFactory.getMergedLocalBeanDefinition(AbstractBeanFactory.java:1318)
		at org.springframework.beans.factory.support.AbstractBeanFactory.doGetBean(AbstractBeanFactory.java:300)
		at org.springframework.beans.factory.support.AbstractBeanFactory.getBean(AbstractBeanFactory.java:200)
		at org.springframework.context.support.AbstractApplicationContext.getBean(AbstractApplicationContext.java:1155)
		at com.parcial.servlets.CreateAuthorServlet.init(CreateAuthorServlet.java:27)
		at jakarta.servlet.GenericServlet.init(GenericServlet.java:145)
		at jakarta.servlet.http.HttpServlet.init(HttpServlet.java:124)
		at org.apache.catalina.core.StandardWrapper.initServlet(StandardWrapper.java:832)
		at org.apache.catalina.core.StandardWrapper.loadServlet(StandardWrapper.java:802)
		at org.apache.catalina.core.StandardWrapper.allocate(StandardWrapper.java:584)
		at org.apache.catalina.core.StandardWrapperValve.invoke(StandardWrapperValve.java:113)
		at org.apache.catalina.core.StandardContextValve.invoke(StandardContextValve.java:77)
		at org.apache.catalina.authenticator.AuthenticatorBase.invoke(AuthenticatorBase.java:535)
		at org.apache.catalina.core.StandardHostValve.invoke(StandardHostValve.java:115)
		at org.apache.catalina.valves.ErrorReportValve.invoke(ErrorReportValve.java:86)
		at org.apache.catalina.valves.AbstractAccessLogValve.invoke(AbstractAccessLogValve.java:782)
		at org.apache.catalina.core.StandardEngineValve.invoke(StandardEngineValve.java:71)
		at org.apache.catalina.connector.CoyoteAdapter.service(CoyoteAdapter.java:347)
		at org.apache.coyote.http11.Http11Processor.service(Http11Processor.java:406)
		at org.apache.coyote.AbstractProcessorLight.process(AbstractProcessorLight.java:71)
		at org.apache.coyote.AbstractProtocol$ConnectionHandler.process(AbstractProtocol.java:1307)
		at org.apache.tomcat.util.net.NioEndpoint$SocketProcessor.doRun(NioEndpoint.java:2036)
		at org.apache.tomcat.util.net.SocketProcessorBase.run(SocketProcessorBase.java:74)
		at org.apache.tomcat.util.threads.ThreadPoolExecutor.runWorker(ThreadPoolExecutor.java:949)
		at org.apache.tomcat.util.threads.ThreadPoolExecutor$Worker.run(ThreadPoolExecutor.java:483)
		at org.apache.tomcat.util.threads.TaskThread$WrappingRunnable.run(TaskThread.java:74)
		at java.base/java.lang.Thread.run(Thread.java:842)
29-Aug-2026 18:18:31.709 SEVERE [http-nio-8080-exec-171] org.apache.catalina.core.ApplicationContext.log Servlet.init() para servlet [createAuthorServlet] lanzó excepción
	org.springframework.beans.factory.NoSuchBeanDefinitionException: No bean named 'authorService' available
		at org.springframework.beans.factory.support.DefaultListableBeanFactory.getBeanDefinition(DefaultListableBeanFactory.java:893)
		at org.springframework.beans.factory.support.AbstractBeanFactory.getMergedLocalBeanDefinition(AbstractBeanFactory.java:1318)
		at org.springframework.beans.factory.support.AbstractBeanFactory.doGetBean(AbstractBeanFactory.java:300)
		at org.springframework.beans.factory.support.AbstractBeanFactory.getBean(AbstractBeanFactory.java:200)
		at org.springframework.context.support.AbstractApplicationContext.getBean(AbstractApplicationContext.java:1155)
		at com.parcial.servlets.CreateAuthorServlet.init(CreateAuthorServlet.java:27)
		at jakarta.servlet.GenericServlet.init(GenericServlet.java:145)
		at jakarta.servlet.http.HttpServlet.init(HttpServlet.java:124)
		at org.apache.catalina.core.StandardWrapper.initServlet(StandardWrapper.java:832)
		at org.apache.catalina.core.StandardWrapper.loadServlet(StandardWrapper.java:802)
		at org.apache.catalina.core.StandardWrapper.allocate(StandardWrapper.java:584)
		at org.apache.catalina.core.StandardWrapperValve.invoke(StandardWrapperValve.java:113)
		at org.apache.catalina.core.StandardContextValve.invoke(StandardContextValve.java:77)
		at org.apache.catalina.authenticator.AuthenticatorBase.invoke(AuthenticatorBase.java:535)
		at org.apache.catalina.core.StandardHostValve.invoke(StandardHostValve.java:115)
		at org.apache.catalina.valves.ErrorReportValve.invoke(ErrorReportValve.java:86)
		at org.apache.catalina.valves.AbstractAccessLogValve.invoke(AbstractAccessLogValve.java:782)
		at org.apache.catalina.core.StandardEngineValve.invoke(StandardEngineValve.java:71)
		at org.apache.catalina.connector.CoyoteAdapter.service(CoyoteAdapter.java:347)
		at org.apache.coyote.http11.Http11Processor.service(Http11Processor.java:406)
		at org.apache.coyote.AbstractProcessorLight.process(AbstractProcessorLight.java:71)
		at org.apache.coyote.AbstractProtocol$ConnectionHandler.process(AbstractProtocol.java:1307)
		at org.apache.tomcat.util.net.NioEndpoint$SocketProcessor.doRun(NioEndpoint.java:2036)
		at org.apache.tomcat.util.net.SocketProcessorBase.run(SocketProcessorBase.java:74)
		at org.apache.tomcat.util.threads.ThreadPoolExecutor.runWorker(ThreadPoolExecutor.java:949)
		at org.apache.tomcat.util.threads.ThreadPoolExecutor$Worker.run(ThreadPoolExecutor.java:483)
		at org.apache.tomcat.util.threads.TaskThread$WrappingRunnable.run(TaskThread.java:74)
		at java.base/java.lang.Thread.run(Thread.java:842)
29-Aug-2026 18:18:31.709 SEVERE [http-nio-8080-exec-171] org.apache.catalina.core.StandardWrapperValve.invoke Excepción de reserva de espacio para servlet [createAuthorServlet]
	org.springframework.beans.factory.NoSuchBeanDefinitionException: No bean named 'authorService' available
		at org.springframework.beans.factory.support.DefaultListableBeanFactory.getBeanDefinition(DefaultListableBeanFactory.java:893)
		at org.springframework.beans.factory.support.AbstractBeanFactory.getMergedLocalBeanDefinition(AbstractBeanFactory.java:1318)
		at org.springframework.beans.factory.support.AbstractBeanFactory.doGetBean(AbstractBeanFactory.java:300)
		at org.springframework.beans.factory.support.AbstractBeanFactory.getBean(AbstractBeanFactory.java:200)
		at org.springframework.context.support.AbstractApplicationContext.getBean(AbstractApplicationContext.java:1155)
		at com.parcial.servlets.CreateAuthorServlet.init(CreateAuthorServlet.java:27)
		at jakarta.servlet.GenericServlet.init(GenericServlet.java:145)
		at jakarta.servlet.http.HttpServlet.init(HttpServlet.java:124)
		at org.apache.catalina.core.StandardWrapper.initServlet(StandardWrapper.java:832)
		at org.apache.catalina.core.StandardWrapper.loadServlet(StandardWrapper.java:802)
		at org.apache.catalina.core.StandardWrapper.allocate(StandardWrapper.java:584)
		at org.apache.catalina.core.StandardWrapperValve.invoke(StandardWrapperValve.java:113)
		at org.apache.catalina.core.StandardContextValve.invoke(StandardContextValve.java:77)
		at org.apache.catalina.authenticator.AuthenticatorBase.invoke(AuthenticatorBase.java:535)
		at org.apache.catalina.core.StandardHostValve.invoke(StandardHostValve.java:115)
		at org.apache.catalina.valves.ErrorReportValve.invoke(ErrorReportValve.java:86)
		at org.apache.catalina.valves.AbstractAccessLogValve.invoke(AbstractAccessLogValve.java:782)
		at org.apache.catalina.core.StandardEngineValve.invoke(StandardEngineValve.java:71)
		at org.apache.catalina.connector.CoyoteAdapter.service(CoyoteAdapter.java:347)
		at org.apache.coyote.http11.Http11Processor.service(Http11Processor.java:406)
		at org.apache.coyote.AbstractProcessorLight.process(AbstractProcessorLight.java:71)
		at org.apache.coyote.AbstractProtocol$ConnectionHandler.process(AbstractProtocol.java:1307)
		at org.apache.tomcat.util.net.NioEndpoint$SocketProcessor.doRun(NioEndpoint.java:2036)
		at org.apache.tomcat.util.net.SocketProcessorBase.run(SocketProcessorBase.java:74)
		at org.apache.tomcat.util.threads.ThreadPoolExecutor.runWorker(ThreadPoolExecutor.java:949)
		at org.apache.tomcat.util.threads.ThreadPoolExecutor$Worker.run(ThreadPoolExecutor.java:483)
		at org.apache.tomcat.util.threads.TaskThread$WrappingRunnable.run(TaskThread.java:74)
		at java.base/java.lang.Thread.run(Thread.java:842)
29-Aug-2026 18:18:32.912 SEVERE [http-nio-8080-exec-178] org.apache.catalina.core.ApplicationContext.log Servlet.init() para servlet [createAuthorServlet] lanzó excepción
	org.springframework.beans.factory.NoSuchBeanDefinitionException: No bean named 'authorService' available
		at org.springframework.beans.factory.support.DefaultListableBeanFactory.getBeanDefinition(DefaultListableBeanFactory.java:893)
		at org.springframework.beans.factory.support.AbstractBeanFactory.getMergedLocalBeanDefinition(AbstractBeanFactory.java:1318)
		at org.springframework.beans.factory.support.AbstractBeanFactory.doGetBean(AbstractBeanFactory.java:300)
		at org.springframework.beans.factory.support.AbstractBeanFactory.getBean(AbstractBeanFactory.java:200)
		at org.springframework.context.support.AbstractApplicationContext.getBean(AbstractApplicationContext.java:1155)
		at com.parcial.servlets.CreateAuthorServlet.init(CreateAuthorServlet.java:27)
		at jakarta.servlet.GenericServlet.init(GenericServlet.java:145)
		at jakarta.servlet.http.HttpServlet.init(HttpServlet.java:124)
		at org.apache.catalina.core.StandardWrapper.initServlet(StandardWrapper.java:832)
		at org.apache.catalina.core.StandardWrapper.loadServlet(StandardWrapper.java:802)
		at org.apache.catalina.core.StandardWrapper.allocate(StandardWrapper.java:584)
		at org.apache.catalina.core.StandardWrapperValve.invoke(StandardWrapperValve.java:113)
		at org.apache.catalina.core.StandardContextValve.invoke(StandardContextValve.java:77)
		at org.apache.catalina.authenticator.AuthenticatorBase.invoke(AuthenticatorBase.java:535)
		at org.apache.catalina.core.StandardHostValve.invoke(StandardHostValve.java:115)
		at org.apache.catalina.valves.ErrorReportValve.invoke(ErrorReportValve.java:86)
		at org.apache.catalina.valves.AbstractAccessLogValve.invoke(AbstractAccessLogValve.java:782)
		at org.apache.catalina.core.StandardEngineValve.invoke(StandardEngineValve.java:71)
		at org.apache.catalina.connector.CoyoteAdapter.service(CoyoteAdapter.java:347)
		at org.apache.coyote.http11.Http11Processor.service(Http11Processor.java:406)
		at org.apache.coyote.AbstractProcessorLight.process(AbstractProcessorLight.java:71)
		at org.apache.coyote.AbstractProtocol$ConnectionHandler.process(AbstractProtocol.java:1307)
		at org.apache.tomcat.util.net.NioEndpoint$SocketProcessor.doRun(NioEndpoint.java:2036)
		at org.apache.tomcat.util.net.SocketProcessorBase.run(SocketProcessorBase.java:74)
		at org.apache.tomcat.util.threads.ThreadPoolExecutor.runWorker(ThreadPoolExecutor.java:949)
		at org.apache.tomcat.util.threads.ThreadPoolExecutor$Worker.run(ThreadPoolExecutor.java:483)
		at org.apache.tomcat.util.threads.TaskThread$WrappingRunnable.run(TaskThread.java:74)
		at java.base/java.lang.Thread.run(Thread.java:842)
29-Aug-2026 18:18:32.912 SEVERE [http-nio-8080-exec-178] org.apache.catalina.core.StandardWrapperValve.invoke Excepción de reserva de espacio para servlet [createAuthorServlet]
	org.springframework.beans.factory.NoSuchBeanDefinitionException: No bean named 'authorService' available
		at org.springframework.beans.factory.support.DefaultListableBeanFactory.getBeanDefinition(DefaultListableBeanFactory.java:893)
		at org.springframework.beans.factory.support.AbstractBeanFactory.getMergedLocalBeanDefinition(AbstractBeanFactory.java:1318)
		at org.springframework.beans.factory.support.AbstractBeanFactory.doGetBean(AbstractBeanFactory.java:300)
		at org.springframework.beans.factory.support.AbstractBeanFactory.getBean(AbstractBeanFactory.java:200)
		at org.springframework.context.support.AbstractApplicationContext.getBean(AbstractApplicationContext.java:1155)
		at com.parcial.servlets.CreateAuthorServlet.init(CreateAuthorServlet.java:27)
		at jakarta.servlet.GenericServlet.init(GenericServlet.java:145)
		at jakarta.servlet.http.HttpServlet.init(HttpServlet.java:124)
		at org.apache.catalina.core.StandardWrapper.initServlet(StandardWrapper.java:832)
		at org.apache.catalina.core.StandardWrapper.loadServlet(StandardWrapper.java:802)
		at org.apache.catalina.core.StandardWrapper.allocate(StandardWrapper.java:584)
		at org.apache.catalina.core.StandardWrapperValve.invoke(StandardWrapperValve.java:113)
		at org.apache.catalina.core.StandardContextValve.invoke(StandardContextValve.java:77)
		at org.apache.catalina.authenticator.AuthenticatorBase.invoke(AuthenticatorBase.java:535)
		at org.apache.catalina.core.StandardHostValve.invoke(StandardHostValve.java:115)
		at org.apache.catalina.valves.ErrorReportValve.invoke(ErrorReportValve.java:86)
		at org.apache.catalina.valves.AbstractAccessLogValve.invoke(AbstractAccessLogValve.java:782)
		at org.apache.catalina.core.StandardEngineValve.invoke(StandardEngineValve.java:71)
		at org.apache.catalina.connector.CoyoteAdapter.service(CoyoteAdapter.java:347)
		at org.apache.coyote.http11.Http11Processor.service(Http11Processor.java:406)
		at org.apache.coyote.AbstractProcessorLight.process(AbstractProcessorLight.java:71)
		at org.apache.coyote.AbstractProtocol$ConnectionHandler.process(AbstractProtocol.java:1307)
		at org.apache.tomcat.util.net.NioEndpoint$SocketProcessor.doRun(NioEndpoint.java:2036)
		at org.apache.tomcat.util.net.SocketProcessorBase.run(SocketProcessorBase.java:74)
		at org.apache.tomcat.util.threads.ThreadPoolExecutor.runWorker(ThreadPoolExecutor.java:949)
		at org.apache.tomcat.util.threads.ThreadPoolExecutor$Worker.run(ThreadPoolExecutor.java:483)
		at org.apache.tomcat.util.threads.TaskThread$WrappingRunnable.run(TaskThread.java:74)
		at java.base/java.lang.Thread.run(Thread.java:842)
29-Aug-2026 18:18:33.047 SEVERE [http-nio-8080-exec-173] org.apache.catalina.core.ApplicationContext.log Servlet.init() para servlet [createAuthorServlet] lanzó excepción
	org.springframework.beans.factory.NoSuchBeanDefinitionException: No bean named 'authorService' available
		at org.springframework.beans.factory.support.DefaultListableBeanFactory.getBeanDefinition(DefaultListableBeanFactory.java:893)
		at org.springframework.beans.factory.support.AbstractBeanFactory.getMergedLocalBeanDefinition(AbstractBeanFactory.java:1318)
		at org.springframework.beans.factory.support.AbstractBeanFactory.doGetBean(AbstractBeanFactory.java:300)
		at org.springframework.beans.factory.support.AbstractBeanFactory.getBean(AbstractBeanFactory.java:200)
		at org.springframework.context.support.AbstractApplicationContext.getBean(AbstractApplicationContext.java:1155)
		at com.parcial.servlets.CreateAuthorServlet.init(CreateAuthorServlet.java:27)
		at jakarta.servlet.GenericServlet.init(GenericServlet.java:145)
		at jakarta.servlet.http.HttpServlet.init(HttpServlet.java:124)
		at org.apache.catalina.core.StandardWrapper.initServlet(StandardWrapper.java:832)
		at org.apache.catalina.core.StandardWrapper.loadServlet(StandardWrapper.java:802)
		at org.apache.catalina.core.StandardWrapper.allocate(StandardWrapper.java:584)
		at org.apache.catalina.core.StandardWrapperValve.invoke(StandardWrapperValve.java:113)
		at org.apache.catalina.core.StandardContextValve.invoke(StandardContextValve.java:77)
		at org.apache.catalina.authenticator.AuthenticatorBase.invoke(AuthenticatorBase.java:535)
		at org.apache.catalina.core.StandardHostValve.invoke(StandardHostValve.java:115)
		at org.apache.catalina.valves.ErrorReportValve.invoke(ErrorReportValve.java:86)
		at org.apache.catalina.valves.AbstractAccessLogValve.invoke(AbstractAccessLogValve.java:782)
		at org.apache.catalina.core.StandardEngineValve.invoke(StandardEngineValve.java:71)
		at org.apache.catalina.connector.CoyoteAdapter.service(CoyoteAdapter.java:347)
		at org.apache.coyote.http11.Http11Processor.service(Http11Processor.java:406)
		at org.apache.coyote.AbstractProcessorLight.process(AbstractProcessorLight.java:71)
		at org.apache.coyote.AbstractProtocol$ConnectionHandler.process(AbstractProtocol.java:1307)
		at org.apache.tomcat.util.net.NioEndpoint$SocketProcessor.doRun(NioEndpoint.java:2036)
		at org.apache.tomcat.util.net.SocketProcessorBase.run(SocketProcessorBase.java:74)
		at org.apache.tomcat.util.threads.ThreadPoolExecutor.runWorker(ThreadPoolExecutor.java:949)
		at org.apache.tomcat.util.threads.ThreadPoolExecutor$Worker.run(ThreadPoolExecutor.java:483)
		at org.apache.tomcat.util.threads.TaskThread$WrappingRunnable.run(TaskThread.java:74)
		at java.base/java.lang.Thread.run(Thread.java:842)
29-Aug-2026 18:18:33.047 SEVERE [http-nio-8080-exec-173] org.apache.catalina.core.StandardWrapperValve.invoke Excepción de reserva de espacio para servlet [createAuthorServlet]
	org.springframework.beans.factory.NoSuchBeanDefinitionException: No bean named 'authorService' available
		at org.springframework.beans.factory.support.DefaultListableBeanFactory.getBeanDefinition(DefaultListableBeanFactory.java:893)
		at org.springframework.beans.factory.support.AbstractBeanFactory.getMergedLocalBeanDefinition(AbstractBeanFactory.java:1318)
		at org.springframework.beans.factory.support.AbstractBeanFactory.doGetBean(AbstractBeanFactory.java:300)
		at org.springframework.beans.factory.support.AbstractBeanFactory.getBean(AbstractBeanFactory.java:200)
		at org.springframework.context.support.AbstractApplicationContext.getBean(AbstractApplicationContext.java:1155)
		at com.parcial.servlets.CreateAuthorServlet.init(CreateAuthorServlet.java:27)
		at jakarta.servlet.GenericServlet.init(GenericServlet.java:145)
		at jakarta.servlet.http.HttpServlet.init(HttpServlet.java:124)
		at org.apache.catalina.core.StandardWrapper.initServlet(StandardWrapper.java:832)
		at org.apache.catalina.core.StandardWrapper.loadServlet(StandardWrapper.java:802)
		at org.apache.catalina.core.StandardWrapper.allocate(StandardWrapper.java:584)
		at org.apache.catalina.core.StandardWrapperValve.invoke(StandardWrapperValve.java:113)
		at org.apache.catalina.core.StandardContextValve.invoke(StandardContextValve.java:77)
		at org.apache.catalina.authenticator.AuthenticatorBase.invoke(AuthenticatorBase.java:535)
		at org.apache.catalina.core.StandardHostValve.invoke(StandardHostValve.java:115)
		at org.apache.catalina.valves.ErrorReportValve.invoke(ErrorReportValve.java:86)
		at org.apache.catalina.valves.AbstractAccessLogValve.invoke(AbstractAccessLogValve.java:782)
		at org.apache.catalina.core.StandardEngineValve.invoke(StandardEngineValve.java:71)
		at org.apache.catalina.connector.CoyoteAdapter.service(CoyoteAdapter.java:347)
		at org.apache.coyote.http11.Http11Processor.service(Http11Processor.java:406)
		at org.apache.coyote.AbstractProcessorLight.process(AbstractProcessorLight.java:71)
		at org.apache.coyote.AbstractProtocol$ConnectionHandler.process(AbstractProtocol.java:1307)
		at org.apache.tomcat.util.net.NioEndpoint$SocketProcessor.doRun(NioEndpoint.java:2036)
		at org.apache.tomcat.util.net.SocketProcessorBase.run(SocketProcessorBase.java:74)
		at org.apache.tomcat.util.threads.ThreadPoolExecutor.runWorker(ThreadPoolExecutor.java:949)
		at org.apache.tomcat.util.threads.ThreadPoolExecutor$Worker.run(ThreadPoolExecutor.java:483)
		at org.apache.tomcat.util.threads.TaskThread$WrappingRunnable.run(TaskThread.java:74)
		at java.base/java.lang.Thread.run(Thread.java:842)
29-Aug-2026 18:18:33.215 SEVERE [http-nio-8080-exec-174] org.apache.catalina.core.ApplicationContext.log Servlet.init() para servlet [createAuthorServlet] lanzó excepción
	org.springframework.beans.factory.NoSuchBeanDefinitionException: No bean named 'authorService' available
		at org.springframework.beans.factory.support.DefaultListableBeanFactory.getBeanDefinition(DefaultListableBeanFactory.java:893)
		at org.springframework.beans.factory.support.AbstractBeanFactory.getMergedLocalBeanDefinition(AbstractBeanFactory.java:1318)
		at org.springframework.beans.factory.support.AbstractBeanFactory.doGetBean(AbstractBeanFactory.java:300)
		at org.springframework.beans.factory.support.AbstractBeanFactory.getBean(AbstractBeanFactory.java:200)
		at org.springframework.context.support.AbstractApplicationContext.getBean(AbstractApplicationContext.java:1155)
		at com.parcial.servlets.CreateAuthorServlet.init(CreateAuthorServlet.java:27)
		at jakarta.servlet.GenericServlet.init(GenericServlet.java:145)
		at jakarta.servlet.http.HttpServlet.init(HttpServlet.java:124)
		at org.apache.catalina.core.StandardWrapper.initServlet(StandardWrapper.java:832)
		at org.apache.catalina.core.StandardWrapper.loadServlet(StandardWrapper.java:802)
		at org.apache.catalina.core.StandardWrapper.allocate(StandardWrapper.java:584)
		at org.apache.catalina.core.StandardWrapperValve.invoke(StandardWrapperValve.java:113)
		at org.apache.catalina.core.StandardContextValve.invoke(StandardContextValve.java:77)
		at org.apache.catalina.authenticator.AuthenticatorBase.invoke(AuthenticatorBase.java:535)
		at org.apache.catalina.core.StandardHostValve.invoke(StandardHostValve.java:115)
		at org.apache.catalina.valves.ErrorReportValve.invoke(ErrorReportValve.java:86)
		at org.apache.catalina.valves.AbstractAccessLogValve.invoke(AbstractAccessLogValve.java:782)
		at org.apache.catalina.core.StandardEngineValve.invoke(StandardEngineValve.java:71)
		at org.apache.catalina.connector.CoyoteAdapter.service(CoyoteAdapter.java:347)
		at org.apache.coyote.http11.Http11Processor.service(Http11Processor.java:406)
		at org.apache.coyote.AbstractProcessorLight.process(AbstractProcessorLight.java:71)
		at org.apache.coyote.AbstractProtocol$ConnectionHandler.process(AbstractProtocol.java:1307)
		at org.apache.tomcat.util.net.NioEndpoint$SocketProcessor.doRun(NioEndpoint.java:2036)
		at org.apache.tomcat.util.net.SocketProcessorBase.run(SocketProcessorBase.java:74)
		at org.apache.tomcat.util.threads.ThreadPoolExecutor.runWorker(ThreadPoolExecutor.java:949)
		at org.apache.tomcat.util.threads.ThreadPoolExecutor$Worker.run(ThreadPoolExecutor.java:483)
		at org.apache.tomcat.util.threads.TaskThread$WrappingRunnable.run(TaskThread.java:74)
		at java.base/java.lang.Thread.run(Thread.java:842)
29-Aug-2026 18:18:33.215 SEVERE [http-nio-8080-exec-174] org.apache.catalina.core.StandardWrapperValve.invoke Excepción de reserva de espacio para servlet [createAuthorServlet]
	org.springframework.beans.factory.NoSuchBeanDefinitionException: No bean named 'authorService' available
		at org.springframework.beans.factory.support.DefaultListableBeanFactory.getBeanDefinition(DefaultListableBeanFactory.java:893)
		at org.springframework.beans.factory.support.AbstractBeanFactory.getMergedLocalBeanDefinition(AbstractBeanFactory.java:1318)
		at org.springframework.beans.factory.support.AbstractBeanFactory.doGetBean(AbstractBeanFactory.java:300)
		at org.springframework.beans.factory.support.AbstractBeanFactory.getBean(AbstractBeanFactory.java:200)
		at org.springframework.context.support.AbstractApplicationContext.getBean(AbstractApplicationContext.java:1155)
		at com.parcial.servlets.CreateAuthorServlet.init(CreateAuthorServlet.java:27)
		at jakarta.servlet.GenericServlet.init(GenericServlet.java:145)
		at jakarta.servlet.http.HttpServlet.init(HttpServlet.java:124)
		at org.apache.catalina.core.StandardWrapper.initServlet(StandardWrapper.java:832)
		at org.apache.catalina.core.StandardWrapper.loadServlet(StandardWrapper.java:802)
		at org.apache.catalina.core.StandardWrapper.allocate(StandardWrapper.java:584)
		at org.apache.catalina.core.StandardWrapperValve.invoke(StandardWrapperValve.java:113)
		at org.apache.catalina.core.StandardContextValve.invoke(StandardContextValve.java:77)
		at org.apache.catalina.authenticator.AuthenticatorBase.invoke(AuthenticatorBase.java:535)
		at org.apache.catalina.core.StandardHostValve.invoke(StandardHostValve.java:115)
		at org.apache.catalina.valves.ErrorReportValve.invoke(ErrorReportValve.java:86)
		at org.apache.catalina.valves.AbstractAccessLogValve.invoke(AbstractAccessLogValve.java:782)
		at org.apache.catalina.core.StandardEngineValve.invoke(StandardEngineValve.java:71)
		at org.apache.catalina.connector.CoyoteAdapter.service(CoyoteAdapter.java:347)
		at org.apache.coyote.http11.Http11Processor.service(Http11Processor.java:406)
		at org.apache.coyote.AbstractProcessorLight.process(AbstractProcessorLight.java:71)
		at org.apache.coyote.AbstractProtocol$ConnectionHandler.process(AbstractProtocol.java:1307)
		at org.apache.tomcat.util.net.NioEndpoint$SocketProcessor.doRun(NioEndpoint.java:2036)
		at org.apache.tomcat.util.net.SocketProcessorBase.run(SocketProcessorBase.java:74)
		at org.apache.tomcat.util.threads.ThreadPoolExecutor.runWorker(ThreadPoolExecutor.java:949)
		at org.apache.tomcat.util.threads.ThreadPoolExecutor$Worker.run(ThreadPoolExecutor.java:483)
		at org.apache.tomcat.util.threads.TaskThread$WrappingRunnable.run(TaskThread.java:74)
		at java.base/java.lang.Thread.run(Thread.java:842)
29-Aug-2026 18:18:33.361 SEVERE [http-nio-8080-exec-175] org.apache.catalina.core.ApplicationContext.log Servlet.init() para servlet [createAuthorServlet] lanzó excepción
	org.springframework.beans.factory.NoSuchBeanDefinitionException: No bean named 'authorService' available
		at org.springframework.beans.factory.support.DefaultListableBeanFactory.getBeanDefinition(DefaultListableBeanFactory.java:893)
		at org.springframework.beans.factory.support.AbstractBeanFactory.getMergedLocalBeanDefinition(AbstractBeanFactory.java:1318)
		at org.springframework.beans.factory.support.AbstractBeanFactory.doGetBean(AbstractBeanFactory.java:300)
		at org.springframework.beans.factory.support.AbstractBeanFactory.getBean(AbstractBeanFactory.java:200)
		at org.springframework.context.support.AbstractApplicationContext.getBean(AbstractApplicationContext.java:1155)
		at com.parcial.servlets.CreateAuthorServlet.init(CreateAuthorServlet.java:27)
		at jakarta.servlet.GenericServlet.init(GenericServlet.java:145)
		at jakarta.servlet.http.HttpServlet.init(HttpServlet.java:124)
		at org.apache.catalina.core.StandardWrapper.initServlet(StandardWrapper.java:832)
		at org.apache.catalina.core.StandardWrapper.loadServlet(StandardWrapper.java:802)
		at org.apache.catalina.core.StandardWrapper.allocate(StandardWrapper.java:584)
		at org.apache.catalina.core.StandardWrapperValve.invoke(StandardWrapperValve.java:113)
		at org.apache.catalina.core.StandardContextValve.invoke(StandardContextValve.java:77)
		at org.apache.catalina.authenticator.AuthenticatorBase.invoke(AuthenticatorBase.java:535)
		at org.apache.catalina.core.StandardHostValve.invoke(StandardHostValve.java:115)
		at org.apache.catalina.valves.ErrorReportValve.invoke(ErrorReportValve.java:86)
		at org.apache.catalina.valves.AbstractAccessLogValve.invoke(AbstractAccessLogValve.java:782)
		at org.apache.catalina.core.StandardEngineValve.invoke(StandardEngineValve.java:71)
		at org.apache.catalina.connector.CoyoteAdapter.service(CoyoteAdapter.java:347)
		at org.apache.coyote.http11.Http11Processor.service(Http11Processor.java:406)
		at org.apache.coyote.AbstractProcessorLight.process(AbstractProcessorLight.java:71)
		at org.apache.coyote.AbstractProtocol$ConnectionHandler.process(AbstractProtocol.java:1307)
		at org.apache.tomcat.util.net.NioEndpoint$SocketProcessor.doRun(NioEndpoint.java:2036)
		at org.apache.tomcat.util.net.SocketProcessorBase.run(SocketProcessorBase.java:74)
		at org.apache.tomcat.util.threads.ThreadPoolExecutor.runWorker(ThreadPoolExecutor.java:949)
		at org.apache.tomcat.util.threads.ThreadPoolExecutor$Worker.run(ThreadPoolExecutor.java:483)
		at org.apache.tomcat.util.threads.TaskThread$WrappingRunnable.run(TaskThread.java:74)
		at java.base/java.lang.Thread.run(Thread.java:842)
29-Aug-2026 18:18:33.361 SEVERE [http-nio-8080-exec-175] org.apache.catalina.core.StandardWrapperValve.invoke Excepción de reserva de espacio para servlet [createAuthorServlet]
	org.springframework.beans.factory.NoSuchBeanDefinitionException: No bean named 'authorService' available
		at org.springframework.beans.factory.support.DefaultListableBeanFactory.getBeanDefinition(DefaultListableBeanFactory.java:893)
		at org.springframework.beans.factory.support.AbstractBeanFactory.getMergedLocalBeanDefinition(AbstractBeanFactory.java:1318)
		at org.springframework.beans.factory.support.AbstractBeanFactory.doGetBean(AbstractBeanFactory.java:300)
		at org.springframework.beans.factory.support.AbstractBeanFactory.getBean(AbstractBeanFactory.java:200)
		at org.springframework.context.support.AbstractApplicationContext.getBean(AbstractApplicationContext.java:1155)
		at com.parcial.servlets.CreateAuthorServlet.init(CreateAuthorServlet.java:27)
		at jakarta.servlet.GenericServlet.init(GenericServlet.java:145)
		at jakarta.servlet.http.HttpServlet.init(HttpServlet.java:124)
		at org.apache.catalina.core.StandardWrapper.initServlet(StandardWrapper.java:832)
		at org.apache.catalina.core.StandardWrapper.loadServlet(StandardWrapper.java:802)
		at org.apache.catalina.core.StandardWrapper.allocate(StandardWrapper.java:584)
		at org.apache.catalina.core.StandardWrapperValve.invoke(StandardWrapperValve.java:113)
		at org.apache.catalina.core.StandardContextValve.invoke(StandardContextValve.java:77)
		at org.apache.catalina.authenticator.AuthenticatorBase.invoke(AuthenticatorBase.java:535)
		at org.apache.catalina.core.StandardHostValve.invoke(StandardHostValve.java:115)
		at org.apache.catalina.valves.ErrorReportValve.invoke(ErrorReportValve.java:86)
		at org.apache.catalina.valves.AbstractAccessLogValve.invoke(AbstractAccessLogValve.java:782)
		at org.apache.catalina.core.StandardEngineValve.invoke(StandardEngineValve.java:71)
		at org.apache.catalina.connector.CoyoteAdapter.service(CoyoteAdapter.java:347)
		at org.apache.coyote.http11.Http11Processor.service(Http11Processor.java:406)
		at org.apache.coyote.AbstractProcessorLight.process(AbstractProcessorLight.java:71)
		at org.apache.coyote.AbstractProtocol$ConnectionHandler.process(AbstractProtocol.java:1307)
		at org.apache.tomcat.util.net.NioEndpoint$SocketProcessor.doRun(NioEndpoint.java:2036)
		at org.apache.tomcat.util.net.SocketProcessorBase.run(SocketProcessorBase.java:74)
		at org.apache.tomcat.util.threads.ThreadPoolExecutor.runWorker(ThreadPoolExecutor.java:949)
		at org.apache.tomcat.util.threads.ThreadPoolExecutor$Worker.run(ThreadPoolExecutor.java:483)
		at org.apache.tomcat.util.threads.TaskThread$WrappingRunnable.run(TaskThread.java:74)
		at java.base/java.lang.Thread.run(Thread.java:842)
29-Aug-2026 18:18:33.513 SEVERE [http-nio-8080-exec-176] org.apache.catalina.core.ApplicationContext.log Servlet.init() para servlet [createAuthorServlet] lanzó excepción
	org.springframework.beans.factory.NoSuchBeanDefinitionException: No bean named 'authorService' available
		at org.springframework.beans.factory.support.DefaultListableBeanFactory.getBeanDefinition(DefaultListableBeanFactory.java:893)
		at org.springframework.beans.factory.support.AbstractBeanFactory.getMergedLocalBeanDefinition(AbstractBeanFactory.java:1318)
		at org.springframework.beans.factory.support.AbstractBeanFactory.doGetBean(AbstractBeanFactory.java:300)
		at org.springframework.beans.factory.support.AbstractBeanFactory.getBean(AbstractBeanFactory.java:200)
		at org.springframework.context.support.AbstractApplicationContext.getBean(AbstractApplicationContext.java:1155)
		at com.parcial.servlets.CreateAuthorServlet.init(CreateAuthorServlet.java:27)
		at jakarta.servlet.GenericServlet.init(GenericServlet.java:145)
		at jakarta.servlet.http.HttpServlet.init(HttpServlet.java:124)
		at org.apache.catalina.core.StandardWrapper.initServlet(StandardWrapper.java:832)
		at org.apache.catalina.core.StandardWrapper.loadServlet(StandardWrapper.java:802)
		at org.apache.catalina.core.StandardWrapper.allocate(StandardWrapper.java:584)
		at org.apache.catalina.core.StandardWrapperValve.invoke(StandardWrapperValve.java:113)
		at org.apache.catalina.core.StandardContextValve.invoke(StandardContextValve.java:77)
		at org.apache.catalina.authenticator.AuthenticatorBase.invoke(AuthenticatorBase.java:535)
		at org.apache.catalina.core.StandardHostValve.invoke(StandardHostValve.java:115)
		at org.apache.catalina.valves.ErrorReportValve.invoke(ErrorReportValve.java:86)
		at org.apache.catalina.valves.AbstractAccessLogValve.invoke(AbstractAccessLogValve.java:782)
		at org.apache.catalina.core.StandardEngineValve.invoke(StandardEngineValve.java:71)
		at org.apache.catalina.connector.CoyoteAdapter.service(CoyoteAdapter.java:347)
		at org.apache.coyote.http11.Http11Processor.service(Http11Processor.java:406)
		at org.apache.coyote.AbstractProcessorLight.process(AbstractProcessorLight.java:71)
		at org.apache.coyote.AbstractProtocol$ConnectionHandler.process(AbstractProtocol.java:1307)
		at org.apache.tomcat.util.net.NioEndpoint$SocketProcessor.doRun(NioEndpoint.java:2036)
		at org.apache.tomcat.util.net.SocketProcessorBase.run(SocketProcessorBase.java:74)
		at org.apache.tomcat.util.threads.ThreadPoolExecutor.runWorker(ThreadPoolExecutor.java:949)
		at org.apache.tomcat.util.threads.ThreadPoolExecutor$Worker.run(ThreadPoolExecutor.java:483)
		at org.apache.tomcat.util.threads.TaskThread$WrappingRunnable.run(TaskThread.java:74)
		at java.base/java.lang.Thread.run(Thread.java:842)
29-Aug-2026 18:18:33.513 SEVERE [http-nio-8080-exec-176] org.apache.catalina.core.StandardWrapperValve.invoke Excepción de reserva de espacio para servlet [createAuthorServlet]
	org.springframework.beans.factory.NoSuchBeanDefinitionException: No bean named 'authorService' available
		at org.springframework.beans.factory.support.DefaultListableBeanFactory.getBeanDefinition(DefaultListableBeanFactory.java:893)
		at org.springframework.beans.factory.support.AbstractBeanFactory.getMergedLocalBeanDefinition(AbstractBeanFactory.java:1318)
		at org.springframework.beans.factory.support.AbstractBeanFactory.doGetBean(AbstractBeanFactory.java:300)
		at org.springframework.beans.factory.support.AbstractBeanFactory.getBean(AbstractBeanFactory.java:200)
		at org.springframework.context.support.AbstractApplicationContext.getBean(AbstractApplicationContext.java:1155)
		at com.parcial.servlets.CreateAuthorServlet.init(CreateAuthorServlet.java:27)
		at jakarta.servlet.GenericServlet.init(GenericServlet.java:145)
		at jakarta.servlet.http.HttpServlet.init(HttpServlet.java:124)
		at org.apache.catalina.core.StandardWrapper.initServlet(StandardWrapper.java:832)
		at org.apache.catalina.core.StandardWrapper.loadServlet(StandardWrapper.java:802)
		at org.apache.catalina.core.StandardWrapper.allocate(StandardWrapper.java:584)
		at org.apache.catalina.core.StandardWrapperValve.invoke(StandardWrapperValve.java:113)
		at org.apache.catalina.core.StandardContextValve.invoke(StandardContextValve.java:77)
		at org.apache.catalina.authenticator.AuthenticatorBase.invoke(AuthenticatorBase.java:535)
		at org.apache.catalina.core.StandardHostValve.invoke(StandardHostValve.java:115)
		at org.apache.catalina.valves.ErrorReportValve.invoke(ErrorReportValve.java:86)
		at org.apache.catalina.valves.AbstractAccessLogValve.invoke(AbstractAccessLogValve.java:782)
		at org.apache.catalina.core.StandardEngineValve.invoke(StandardEngineValve.java:71)
		at org.apache.catalina.connector.CoyoteAdapter.service(CoyoteAdapter.java:347)
		at org.apache.coyote.http11.Http11Processor.service(Http11Processor.java:406)
		at org.apache.coyote.AbstractProcessorLight.process(AbstractProcessorLight.java:71)
		at org.apache.coyote.AbstractProtocol$ConnectionHandler.process(AbstractProtocol.java:1307)
		at org.apache.tomcat.util.net.NioEndpoint$SocketProcessor.doRun(NioEndpoint.java:2036)
		at org.apache.tomcat.util.net.SocketProcessorBase.run(SocketProcessorBase.java:74)
		at org.apache.tomcat.util.threads.ThreadPoolExecutor.runWorker(ThreadPoolExecutor.java:949)
		at org.apache.tomcat.util.threads.ThreadPoolExecutor$Worker.run(ThreadPoolExecutor.java:483)
		at org.apache.tomcat.util.threads.TaskThread$WrappingRunnable.run(TaskThread.java:74)
		at java.base/java.lang.Thread.run(Thread.java:842)
29-Aug-2026 18:18:33.650 SEVERE [http-nio-8080-exec-177] org.apache.catalina.core.ApplicationContext.log Servlet.init() para servlet [createAuthorServlet] lanzó excepción
	org.springframework.beans.factory.NoSuchBeanDefinitionException: No bean named 'authorService' available
		at org.springframework.beans.factory.support.DefaultListableBeanFactory.getBeanDefinition(DefaultListableBeanFactory.java:893)
		at org.springframework.beans.factory.support.AbstractBeanFactory.getMergedLocalBeanDefinition(AbstractBeanFactory.java:1318)
		at org.springframework.beans.factory.support.AbstractBeanFactory.doGetBean(AbstractBeanFactory.java:300)
		at org.springframework.beans.factory.support.AbstractBeanFactory.getBean(AbstractBeanFactory.java:200)
		at org.springframework.context.support.AbstractApplicationContext.getBean(AbstractApplicationContext.java:1155)
		at com.parcial.servlets.CreateAuthorServlet.init(CreateAuthorServlet.java:27)
		at jakarta.servlet.GenericServlet.init(GenericServlet.java:145)
		at jakarta.servlet.http.HttpServlet.init(HttpServlet.java:124)
		at org.apache.catalina.core.StandardWrapper.initServlet(StandardWrapper.java:832)
		at org.apache.catalina.core.StandardWrapper.loadServlet(StandardWrapper.java:802)
		at org.apache.catalina.core.StandardWrapper.allocate(StandardWrapper.java:584)
		at org.apache.catalina.core.StandardWrapperValve.invoke(StandardWrapperValve.java:113)
		at org.apache.catalina.core.StandardContextValve.invoke(StandardContextValve.java:77)
		at org.apache.catalina.authenticator.AuthenticatorBase.invoke(AuthenticatorBase.java:535)
		at org.apache.catalina.core.StandardHostValve.invoke(StandardHostValve.java:115)
		at org.apache.catalina.valves.ErrorReportValve.invoke(ErrorReportValve.java:86)
		at org.apache.catalina.valves.AbstractAccessLogValve.invoke(AbstractAccessLogValve.java:782)
		at org.apache.catalina.core.StandardEngineValve.invoke(StandardEngineValve.java:71)
		at org.apache.catalina.connector.CoyoteAdapter.service(CoyoteAdapter.java:347)
		at org.apache.coyote.http11.Http11Processor.service(Http11Processor.java:406)
		at org.apache.coyote.AbstractProcessorLight.process(AbstractProcessorLight.java:71)
		at org.apache.coyote.AbstractProtocol$ConnectionHandler.process(AbstractProtocol.java:1307)
		at org.apache.tomcat.util.net.NioEndpoint$SocketProcessor.doRun(NioEndpoint.java:2036)
		at org.apache.tomcat.util.net.SocketProcessorBase.run(SocketProcessorBase.java:74)
		at org.apache.tomcat.util.threads.ThreadPoolExecutor.runWorker(ThreadPoolExecutor.java:949)
		at org.apache.tomcat.util.threads.ThreadPoolExecutor$Worker.run(ThreadPoolExecutor.java:483)
		at org.apache.tomcat.util.threads.TaskThread$WrappingRunnable.run(TaskThread.java:74)
		at java.base/java.lang.Thread.run(Thread.java:842)
29-Aug-2026 18:18:33.650 SEVERE [http-nio-8080-exec-177] org.apache.catalina.core.StandardWrapperValve.invoke Excepción de reserva de espacio para servlet [createAuthorServlet]
	org.springframework.beans.factory.NoSuchBeanDefinitionException: No bean named 'authorService' available
		at org.springframework.beans.factory.support.DefaultListableBeanFactory.getBeanDefinition(DefaultListableBeanFactory.java:893)
		at org.springframework.beans.factory.support.AbstractBeanFactory.getMergedLocalBeanDefinition(AbstractBeanFactory.java:1318)
		at org.springframework.beans.factory.support.AbstractBeanFactory.doGetBean(AbstractBeanFactory.java:300)
		at org.springframework.beans.factory.support.AbstractBeanFactory.getBean(AbstractBeanFactory.java:200)
		at org.springframework.context.support.AbstractApplicationContext.getBean(AbstractApplicationContext.java:1155)
		at com.parcial.servlets.CreateAuthorServlet.init(CreateAuthorServlet.java:27)
		at jakarta.servlet.GenericServlet.init(GenericServlet.java:145)
		at jakarta.servlet.http.HttpServlet.init(HttpServlet.java:124)
		at org.apache.catalina.core.StandardWrapper.initServlet(StandardWrapper.java:832)
		at org.apache.catalina.core.StandardWrapper.loadServlet(StandardWrapper.java:802)
		at org.apache.catalina.core.StandardWrapper.allocate(StandardWrapper.java:584)
		at org.apache.catalina.core.StandardWrapperValve.invoke(StandardWrapperValve.java:113)
		at org.apache.catalina.core.StandardContextValve.invoke(StandardContextValve.java:77)
		at org.apache.catalina.authenticator.AuthenticatorBase.invoke(AuthenticatorBase.java:535)
		at org.apache.catalina.core.StandardHostValve.invoke(StandardHostValve.java:115)
		at org.apache.catalina.valves.ErrorReportValve.invoke(ErrorReportValve.java:86)
		at org.apache.catalina.valves.AbstractAccessLogValve.invoke(AbstractAccessLogValve.java:782)
		at org.apache.catalina.core.StandardEngineValve.invoke(StandardEngineValve.java:71)
		at org.apache.catalina.connector.CoyoteAdapter.service(CoyoteAdapter.java:347)
		at org.apache.coyote.http11.Http11Processor.service(Http11Processor.java:406)
		at org.apache.coyote.AbstractProcessorLight.process(AbstractProcessorLight.java:71)
		at org.apache.coyote.AbstractProtocol$ConnectionHandler.process(AbstractProtocol.java:1307)
		at org.apache.tomcat.util.net.NioEndpoint$SocketProcessor.doRun(NioEndpoint.java:2036)
		at org.apache.tomcat.util.net.SocketProcessorBase.run(SocketProcessorBase.java:74)
		at org.apache.tomcat.util.threads.ThreadPoolExecutor.runWorker(ThreadPoolExecutor.java:949)
		at org.apache.tomcat.util.threads.ThreadPoolExecutor$Worker.run(ThreadPoolExecutor.java:483)
		at org.apache.tomcat.util.threads.TaskThread$WrappingRunnable.run(TaskThread.java:74)
		at java.base/java.lang.Thread.run(Thread.java:842)
29-Aug-2026 18:18:33.800 SEVERE [http-nio-8080-exec-179] org.apache.catalina.core.ApplicationContext.log Servlet.init() para servlet [createAuthorServlet] lanzó excepción
	org.springframework.beans.factory.NoSuchBeanDefinitionException: No bean named 'authorService' available
		at org.springframework.beans.factory.support.DefaultListableBeanFactory.getBeanDefinition(DefaultListableBeanFactory.java:893)
		at org.springframework.beans.factory.support.AbstractBeanFactory.getMergedLocalBeanDefinition(AbstractBeanFactory.java:1318)
		at org.springframework.beans.factory.support.AbstractBeanFactory.doGetBean(AbstractBeanFactory.java:300)
		at org.springframework.beans.factory.support.AbstractBeanFactory.getBean(AbstractBeanFactory.java:200)
		at org.springframework.context.support.AbstractApplicationContext.getBean(AbstractApplicationContext.java:1155)
		at com.parcial.servlets.CreateAuthorServlet.init(CreateAuthorServlet.java:27)
		at jakarta.servlet.GenericServlet.init(GenericServlet.java:145)
		at jakarta.servlet.http.HttpServlet.init(HttpServlet.java:124)
		at org.apache.catalina.core.StandardWrapper.initServlet(StandardWrapper.java:832)
		at org.apache.catalina.core.StandardWrapper.loadServlet(StandardWrapper.java:802)
		at org.apache.catalina.core.StandardWrapper.allocate(StandardWrapper.java:584)
		at org.apache.catalina.core.StandardWrapperValve.invoke(StandardWrapperValve.java:113)
		at org.apache.catalina.core.StandardContextValve.invoke(StandardContextValve.java:77)
		at org.apache.catalina.authenticator.AuthenticatorBase.invoke(AuthenticatorBase.java:535)
		at org.apache.catalina.core.StandardHostValve.invoke(StandardHostValve.java:115)
		at org.apache.catalina.valves.ErrorReportValve.invoke(ErrorReportValve.java:86)
		at org.apache.catalina.valves.AbstractAccessLogValve.invoke(AbstractAccessLogValve.java:782)
		at org.apache.catalina.core.StandardEngineValve.invoke(StandardEngineValve.java:71)
		at org.apache.catalina.connector.CoyoteAdapter.service(CoyoteAdapter.java:347)
		at org.apache.coyote.http11.Http11Processor.service(Http11Processor.java:406)
		at org.apache.coyote.AbstractProcessorLight.process(AbstractProcessorLight.java:71)
		at org.apache.coyote.AbstractProtocol$ConnectionHandler.process(AbstractProtocol.java:1307)
		at org.apache.tomcat.util.net.NioEndpoint$SocketProcessor.doRun(NioEndpoint.java:2036)
		at org.apache.tomcat.util.net.SocketProcessorBase.run(SocketProcessorBase.java:74)
		at org.apache.tomcat.util.threads.ThreadPoolExecutor.runWorker(ThreadPoolExecutor.java:949)
		at org.apache.tomcat.util.threads.ThreadPoolExecutor$Worker.run(ThreadPoolExecutor.java:483)
		at org.apache.tomcat.util.threads.TaskThread$WrappingRunnable.run(TaskThread.java:74)
		at java.base/java.lang.Thread.run(Thread.java:842)
29-Aug-2026 18:18:33.800 SEVERE [http-nio-8080-exec-179] org.apache.catalina.core.StandardWrapperValve.invoke Excepción de reserva de espacio para servlet [createAuthorServlet]
	org.springframework.beans.factory.NoSuchBeanDefinitionException: No bean named 'authorService' available
		at org.springframework.beans.factory.support.DefaultListableBeanFactory.getBeanDefinition(DefaultListableBeanFactory.java:893)
		at org.springframework.beans.factory.support.AbstractBeanFactory.getMergedLocalBeanDefinition(AbstractBeanFactory.java:1318)
		at org.springframework.beans.factory.support.AbstractBeanFactory.doGetBean(AbstractBeanFactory.java:300)
		at org.springframework.beans.factory.support.AbstractBeanFactory.getBean(AbstractBeanFactory.java:200)
		at org.springframework.context.support.AbstractApplicationContext.getBean(AbstractApplicationContext.java:1155)
		at com.parcial.servlets.CreateAuthorServlet.init(CreateAuthorServlet.java:27)
		at jakarta.servlet.GenericServlet.init(GenericServlet.java:145)
		at jakarta.servlet.http.HttpServlet.init(HttpServlet.java:124)
		at org.apache.catalina.core.StandardWrapper.initServlet(StandardWrapper.java:832)
		at org.apache.catalina.core.StandardWrapper.loadServlet(StandardWrapper.java:802)
		at org.apache.catalina.core.StandardWrapper.allocate(StandardWrapper.java:584)
		at org.apache.catalina.core.StandardWrapperValve.invoke(StandardWrapperValve.java:113)
		at org.apache.catalina.core.StandardContextValve.invoke(StandardContextValve.java:77)
		at org.apache.catalina.authenticator.AuthenticatorBase.invoke(AuthenticatorBase.java:535)
		at org.apache.catalina.core.StandardHostValve.invoke(StandardHostValve.java:115)
		at org.apache.catalina.valves.ErrorReportValve.invoke(ErrorReportValve.java:86)
		at org.apache.catalina.valves.AbstractAccessLogValve.invoke(AbstractAccessLogValve.java:782)
		at org.apache.catalina.core.StandardEngineValve.invoke(StandardEngineValve.java:71)
		at org.apache.catalina.connector.CoyoteAdapter.service(CoyoteAdapter.java:347)
		at org.apache.coyote.http11.Http11Processor.service(Http11Processor.java:406)
		at org.apache.coyote.AbstractProcessorLight.process(AbstractProcessorLight.java:71)
		at org.apache.coyote.AbstractProtocol$ConnectionHandler.process(AbstractProtocol.java:1307)
		at org.apache.tomcat.util.net.NioEndpoint$SocketProcessor.doRun(NioEndpoint.java:2036)
		at org.apache.tomcat.util.net.SocketProcessorBase.run(SocketProcessorBase.java:74)
		at org.apache.tomcat.util.threads.ThreadPoolExecutor.runWorker(ThreadPoolExecutor.java:949)
		at org.apache.tomcat.util.threads.ThreadPoolExecutor$Worker.run(ThreadPoolExecutor.java:483)
		at org.apache.tomcat.util.threads.TaskThread$WrappingRunnable.run(TaskThread.java:74)
		at java.base/java.lang.Thread.run(Thread.java:842)
29-Aug-2026 18:18:33.935 SEVERE [http-nio-8080-exec-172] org.apache.catalina.core.ApplicationContext.log Servlet.init() para servlet [createAuthorServlet] lanzó excepción
	org.springframework.beans.factory.NoSuchBeanDefinitionException: No bean named 'authorService' available
		at org.springframework.beans.factory.support.DefaultListableBeanFactory.getBeanDefinition(DefaultListableBeanFactory.java:893)
		at org.springframework.beans.factory.support.AbstractBeanFactory.getMergedLocalBeanDefinition(AbstractBeanFactory.java:1318)
		at org.springframework.beans.factory.support.AbstractBeanFactory.doGetBean(AbstractBeanFactory.java:300)
		at org.springframework.beans.factory.support.AbstractBeanFactory.getBean(AbstractBeanFactory.java:200)
		at org.springframework.context.support.AbstractApplicationContext.getBean(AbstractApplicationContext.java:1155)
		at com.parcial.servlets.CreateAuthorServlet.init(CreateAuthorServlet.java:27)
		at jakarta.servlet.GenericServlet.init(GenericServlet.java:145)
		at jakarta.servlet.http.HttpServlet.init(HttpServlet.java:124)
		at org.apache.catalina.core.StandardWrapper.initServlet(StandardWrapper.java:832)
		at org.apache.catalina.core.StandardWrapper.loadServlet(StandardWrapper.java:802)
		at org.apache.catalina.core.StandardWrapper.allocate(StandardWrapper.java:584)
		at org.apache.catalina.core.StandardWrapperValve.invoke(StandardWrapperValve.java:113)
		at org.apache.catalina.core.StandardContextValve.invoke(StandardContextValve.java:77)
		at org.apache.catalina.authenticator.AuthenticatorBase.invoke(AuthenticatorBase.java:535)
		at org.apache.catalina.core.StandardHostValve.invoke(StandardHostValve.java:115)
		at org.apache.catalina.valves.ErrorReportValve.invoke(ErrorReportValve.java:86)
		at org.apache.catalina.valves.AbstractAccessLogValve.invoke(AbstractAccessLogValve.java:782)
		at org.apache.catalina.core.StandardEngineValve.invoke(StandardEngineValve.java:71)
		at org.apache.catalina.connector.CoyoteAdapter.service(CoyoteAdapter.java:347)
		at org.apache.coyote.http11.Http11Processor.service(Http11Processor.java:406)
		at org.apache.coyote.AbstractProcessorLight.process(AbstractProcessorLight.java:71)
		at org.apache.coyote.AbstractProtocol$ConnectionHandler.process(AbstractProtocol.java:1307)
		at org.apache.tomcat.util.net.NioEndpoint$SocketProcessor.doRun(NioEndpoint.java:2036)
		at org.apache.tomcat.util.net.SocketProcessorBase.run(SocketProcessorBase.java:74)
		at org.apache.tomcat.util.threads.ThreadPoolExecutor.runWorker(ThreadPoolExecutor.java:949)
		at org.apache.tomcat.util.threads.ThreadPoolExecutor$Worker.run(ThreadPoolExecutor.java:483)
		at org.apache.tomcat.util.threads.TaskThread$WrappingRunnable.run(TaskThread.java:74)
		at java.base/java.lang.Thread.run(Thread.java:842)
29-Aug-2026 18:18:33.935 SEVERE [http-nio-8080-exec-172] org.apache.catalina.core.StandardWrapperValve.invoke Excepción de reserva de espacio para servlet [createAuthorServlet]
	org.springframework.beans.factory.NoSuchBeanDefinitionException: No bean named 'authorService' available
		at org.springframework.beans.factory.support.DefaultListableBeanFactory.getBeanDefinition(DefaultListableBeanFactory.java:893)
		at org.springframework.beans.factory.support.AbstractBeanFactory.getMergedLocalBeanDefinition(AbstractBeanFactory.java:1318)
		at org.springframework.beans.factory.support.AbstractBeanFactory.doGetBean(AbstractBeanFactory.java:300)
		at org.springframework.beans.factory.support.AbstractBeanFactory.getBean(AbstractBeanFactory.java:200)
		at org.springframework.context.support.AbstractApplicationContext.getBean(AbstractApplicationContext.java:1155)
		at com.parcial.servlets.CreateAuthorServlet.init(CreateAuthorServlet.java:27)
		at jakarta.servlet.GenericServlet.init(GenericServlet.java:145)
		at jakarta.servlet.http.HttpServlet.init(HttpServlet.java:124)
		at org.apache.catalina.core.StandardWrapper.initServlet(StandardWrapper.java:832)
		at org.apache.catalina.core.StandardWrapper.loadServlet(StandardWrapper.java:802)
		at org.apache.catalina.core.StandardWrapper.allocate(StandardWrapper.java:584)
		at org.apache.catalina.core.StandardWrapperValve.invoke(StandardWrapperValve.java:113)
		at org.apache.catalina.core.StandardContextValve.invoke(StandardContextValve.java:77)
		at org.apache.catalina.authenticator.AuthenticatorBase.invoke(AuthenticatorBase.java:535)
		at org.apache.catalina.core.StandardHostValve.invoke(StandardHostValve.java:115)
		at org.apache.catalina.valves.ErrorReportValve.invoke(ErrorReportValve.java:86)
		at org.apache.catalina.valves.AbstractAccessLogValve.invoke(AbstractAccessLogValve.java:782)
		at org.apache.catalina.core.StandardEngineValve.invoke(StandardEngineValve.java:71)
		at org.apache.catalina.connector.CoyoteAdapter.service(CoyoteAdapter.java:347)
		at org.apache.coyote.http11.Http11Processor.service(Http11Processor.java:406)
		at org.apache.coyote.AbstractProcessorLight.process(AbstractProcessorLight.java:71)
		at org.apache.coyote.AbstractProtocol$ConnectionHandler.process(AbstractProtocol.java:1307)
		at org.apache.tomcat.util.net.NioEndpoint$SocketProcessor.doRun(NioEndpoint.java:2036)
		at org.apache.tomcat.util.net.SocketProcessorBase.run(SocketProcessorBase.java:74)
		at org.apache.tomcat.util.threads.ThreadPoolExecutor.runWorker(ThreadPoolExecutor.java:949)
		at org.apache.tomcat.util.threads.ThreadPoolExecutor$Worker.run(ThreadPoolExecutor.java:483)
		at org.apache.tomcat.util.threads.TaskThread$WrappingRunnable.run(TaskThread.java:74)
		at java.base/java.lang.Thread.run(Thread.java:842)
29-Aug-2026 18:18:34.099 SEVERE [http-nio-8080-exec-165] org.apache.catalina.core.ApplicationContext.log Servlet.init() para servlet [createAuthorServlet] lanzó excepción
	org.springframework.beans.factory.NoSuchBeanDefinitionException: No bean named 'authorService' available
		at org.springframework.beans.factory.support.DefaultListableBeanFactory.getBeanDefinition(DefaultListableBeanFactory.java:893)
		at org.springframework.beans.factory.support.AbstractBeanFactory.getMergedLocalBeanDefinition(AbstractBeanFactory.java:1318)
		at org.springframework.beans.factory.support.AbstractBeanFactory.doGetBean(AbstractBeanFactory.java:300)
		at org.springframework.beans.factory.support.AbstractBeanFactory.getBean(AbstractBeanFactory.java:200)
		at org.springframework.context.support.AbstractApplicationContext.getBean(AbstractApplicationContext.java:1155)
		at com.parcial.servlets.CreateAuthorServlet.init(CreateAuthorServlet.java:27)
		at jakarta.servlet.GenericServlet.init(GenericServlet.java:145)
		at jakarta.servlet.http.HttpServlet.init(HttpServlet.java:124)
		at org.apache.catalina.core.StandardWrapper.initServlet(StandardWrapper.java:832)
		at org.apache.catalina.core.StandardWrapper.loadServlet(StandardWrapper.java:802)
		at org.apache.catalina.core.StandardWrapper.allocate(StandardWrapper.java:584)
		at org.apache.catalina.core.StandardWrapperValve.invoke(StandardWrapperValve.java:113)
		at org.apache.catalina.core.StandardContextValve.invoke(StandardContextValve.java:77)
		at org.apache.catalina.authenticator.AuthenticatorBase.invoke(AuthenticatorBase.java:535)
		at org.apache.catalina.core.StandardHostValve.invoke(StandardHostValve.java:115)
		at org.apache.catalina.valves.ErrorReportValve.invoke(ErrorReportValve.java:86)
		at org.apache.catalina.valves.AbstractAccessLogValve.invoke(AbstractAccessLogValve.java:782)
		at org.apache.catalina.core.StandardEngineValve.invoke(StandardEngineValve.java:71)
		at org.apache.catalina.connector.CoyoteAdapter.service(CoyoteAdapter.java:347)
		at org.apache.coyote.http11.Http11Processor.service(Http11Processor.java:406)
		at org.apache.coyote.AbstractProcessorLight.process(AbstractProcessorLight.java:71)
		at org.apache.coyote.AbstractProtocol$ConnectionHandler.process(AbstractProtocol.java:1307)
		at org.apache.tomcat.util.net.NioEndpoint$SocketProcessor.doRun(NioEndpoint.java:2036)
		at org.apache.tomcat.util.net.SocketProcessorBase.run(SocketProcessorBase.java:74)
		at org.apache.tomcat.util.threads.ThreadPoolExecutor.runWorker(ThreadPoolExecutor.java:949)
		at org.apache.tomcat.util.threads.ThreadPoolExecutor$Worker.run(ThreadPoolExecutor.java:483)
		at org.apache.tomcat.util.threads.TaskThread$WrappingRunnable.run(TaskThread.java:74)
		at java.base/java.lang.Thread.run(Thread.java:842)
29-Aug-2026 18:18:34.099 SEVERE [http-nio-8080-exec-165] org.apache.catalina.core.StandardWrapperValve.invoke Excepción de reserva de espacio para servlet [createAuthorServlet]
	org.springframework.beans.factory.NoSuchBeanDefinitionException: No bean named 'authorService' available
		at org.springframework.beans.factory.support.DefaultListableBeanFactory.getBeanDefinition(DefaultListableBeanFactory.java:893)
		at org.springframework.beans.factory.support.AbstractBeanFactory.getMergedLocalBeanDefinition(AbstractBeanFactory.java:1318)
		at org.springframework.beans.factory.support.AbstractBeanFactory.doGetBean(AbstractBeanFactory.java:300)
		at org.springframework.beans.factory.support.AbstractBeanFactory.getBean(AbstractBeanFactory.java:200)
		at org.springframework.context.support.AbstractApplicationContext.getBean(AbstractApplicationContext.java:1155)
		at com.parcial.servlets.CreateAuthorServlet.init(CreateAuthorServlet.java:27)
		at jakarta.servlet.GenericServlet.init(GenericServlet.java:145)
		at jakarta.servlet.http.HttpServlet.init(HttpServlet.java:124)
		at org.apache.catalina.core.StandardWrapper.initServlet(StandardWrapper.java:832)
		at org.apache.catalina.core.StandardWrapper.loadServlet(StandardWrapper.java:802)
		at org.apache.catalina.core.StandardWrapper.allocate(StandardWrapper.java:584)
		at org.apache.catalina.core.StandardWrapperValve.invoke(StandardWrapperValve.java:113)
		at org.apache.catalina.core.StandardContextValve.invoke(StandardContextValve.java:77)
		at org.apache.catalina.authenticator.AuthenticatorBase.invoke(AuthenticatorBase.java:535)
		at org.apache.catalina.core.StandardHostValve.invoke(StandardHostValve.java:115)
		at org.apache.catalina.valves.ErrorReportValve.invoke(ErrorReportValve.java:86)
		at org.apache.catalina.valves.AbstractAccessLogValve.invoke(AbstractAccessLogValve.java:782)
		at org.apache.catalina.core.StandardEngineValve.invoke(StandardEngineValve.java:71)
		at org.apache.catalina.connector.CoyoteAdapter.service(CoyoteAdapter.java:347)
		at org.apache.coyote.http11.Http11Processor.service(Http11Processor.java:406)
		at org.apache.coyote.AbstractProcessorLight.process(AbstractProcessorLight.java:71)
		at org.apache.coyote.AbstractProtocol$ConnectionHandler.process(AbstractProtocol.java:1307)
		at org.apache.tomcat.util.net.NioEndpoint$SocketProcessor.doRun(NioEndpoint.java:2036)
		at org.apache.tomcat.util.net.SocketProcessorBase.run(SocketProcessorBase.java:74)
		at org.apache.tomcat.util.threads.ThreadPoolExecutor.runWorker(ThreadPoolExecutor.java:949)
		at org.apache.tomcat.util.threads.ThreadPoolExecutor$Worker.run(ThreadPoolExecutor.java:483)
		at org.apache.tomcat.util.threads.TaskThread$WrappingRunnable.run(TaskThread.java:74)
		at java.base/java.lang.Thread.run(Thread.java:842)
29-Aug-2026 18:18:34.230 SEVERE [http-nio-8080-exec-171] org.apache.catalina.core.ApplicationContext.log Servlet.init() para servlet [createAuthorServlet] lanzó excepción
	org.springframework.beans.factory.NoSuchBeanDefinitionException: No bean named 'authorService' available
		at org.springframework.beans.factory.support.DefaultListableBeanFactory.getBeanDefinition(DefaultListableBeanFactory.java:893)
		at org.springframework.beans.factory.support.AbstractBeanFactory.getMergedLocalBeanDefinition(AbstractBeanFactory.java:1318)
		at org.springframework.beans.factory.support.AbstractBeanFactory.doGetBean(AbstractBeanFactory.java:300)
		at org.springframework.beans.factory.support.AbstractBeanFactory.getBean(AbstractBeanFactory.java:200)
		at org.springframework.context.support.AbstractApplicationContext.getBean(AbstractApplicationContext.java:1155)
		at com.parcial.servlets.CreateAuthorServlet.init(CreateAuthorServlet.java:27)
		at jakarta.servlet.GenericServlet.init(GenericServlet.java:145)
		at jakarta.servlet.http.HttpServlet.init(HttpServlet.java:124)
		at org.apache.catalina.core.StandardWrapper.initServlet(StandardWrapper.java:832)
		at org.apache.catalina.core.StandardWrapper.loadServlet(StandardWrapper.java:802)
		at org.apache.catalina.core.StandardWrapper.allocate(StandardWrapper.java:584)
		at org.apache.catalina.core.StandardWrapperValve.invoke(StandardWrapperValve.java:113)
		at org.apache.catalina.core.StandardContextValve.invoke(StandardContextValve.java:77)
		at org.apache.catalina.authenticator.AuthenticatorBase.invoke(AuthenticatorBase.java:535)
		at org.apache.catalina.core.StandardHostValve.invoke(StandardHostValve.java:115)
		at org.apache.catalina.valves.ErrorReportValve.invoke(ErrorReportValve.java:86)
		at org.apache.catalina.valves.AbstractAccessLogValve.invoke(AbstractAccessLogValve.java:782)
		at org.apache.catalina.core.StandardEngineValve.invoke(StandardEngineValve.java:71)
		at org.apache.catalina.connector.CoyoteAdapter.service(CoyoteAdapter.java:347)
		at org.apache.coyote.http11.Http11Processor.service(Http11Processor.java:406)
		at org.apache.coyote.AbstractProcessorLight.process(AbstractProcessorLight.java:71)
		at org.apache.coyote.AbstractProtocol$ConnectionHandler.process(AbstractProtocol.java:1307)
		at org.apache.tomcat.util.net.NioEndpoint$SocketProcessor.doRun(NioEndpoint.java:2036)
		at org.apache.tomcat.util.net.SocketProcessorBase.run(SocketProcessorBase.java:74)
		at org.apache.tomcat.util.threads.ThreadPoolExecutor.runWorker(ThreadPoolExecutor.java:949)
		at org.apache.tomcat.util.threads.ThreadPoolExecutor$Worker.run(ThreadPoolExecutor.java:483)
		at org.apache.tomcat.util.threads.TaskThread$WrappingRunnable.run(TaskThread.java:74)
		at java.base/java.lang.Thread.run(Thread.java:842)
29-Aug-2026 18:18:34.230 SEVERE [http-nio-8080-exec-171] org.apache.catalina.core.StandardWrapperValve.invoke Excepción de reserva de espacio para servlet [createAuthorServlet]
	org.springframework.beans.factory.NoSuchBeanDefinitionException: No bean named 'authorService' available
		at org.springframework.beans.factory.support.DefaultListableBeanFactory.getBeanDefinition(DefaultListableBeanFactory.java:893)
		at org.springframework.beans.factory.support.AbstractBeanFactory.getMergedLocalBeanDefinition(AbstractBeanFactory.java:1318)
		at org.springframework.beans.factory.support.AbstractBeanFactory.doGetBean(AbstractBeanFactory.java:300)
		at org.springframework.beans.factory.support.AbstractBeanFactory.getBean(AbstractBeanFactory.java:200)
		at org.springframework.context.support.AbstractApplicationContext.getBean(AbstractApplicationContext.java:1155)
		at com.parcial.servlets.CreateAuthorServlet.init(CreateAuthorServlet.java:27)
		at jakarta.servlet.GenericServlet.init(GenericServlet.java:145)
		at jakarta.servlet.http.HttpServlet.init(HttpServlet.java:124)
		at org.apache.catalina.core.StandardWrapper.initServlet(StandardWrapper.java:832)
		at org.apache.catalina.core.StandardWrapper.loadServlet(StandardWrapper.java:802)
		at org.apache.catalina.core.StandardWrapper.allocate(StandardWrapper.java:584)
		at org.apache.catalina.core.StandardWrapperValve.invoke(StandardWrapperValve.java:113)
		at org.apache.catalina.core.StandardContextValve.invoke(StandardContextValve.java:77)
		at org.apache.catalina.authenticator.AuthenticatorBase.invoke(AuthenticatorBase.java:535)
		at org.apache.catalina.core.StandardHostValve.invoke(StandardHostValve.java:115)
		at org.apache.catalina.valves.ErrorReportValve.invoke(ErrorReportValve.java:86)
		at org.apache.catalina.valves.AbstractAccessLogValve.invoke(AbstractAccessLogValve.java:782)
		at org.apache.catalina.core.StandardEngineValve.invoke(StandardEngineValve.java:71)
		at org.apache.catalina.connector.CoyoteAdapter.service(CoyoteAdapter.java:347)
		at org.apache.coyote.http11.Http11Processor.service(Http11Processor.java:406)
		at org.apache.coyote.AbstractProcessorLight.process(AbstractProcessorLight.java:71)
		at org.apache.coyote.AbstractProtocol$ConnectionHandler.process(AbstractProtocol.java:1307)
		at org.apache.tomcat.util.net.NioEndpoint$SocketProcessor.doRun(NioEndpoint.java:2036)
		at org.apache.tomcat.util.net.SocketProcessorBase.run(SocketProcessorBase.java:74)
		at org.apache.tomcat.util.threads.ThreadPoolExecutor.runWorker(ThreadPoolExecutor.java:949)
		at org.apache.tomcat.util.threads.ThreadPoolExecutor$Worker.run(ThreadPoolExecutor.java:483)
		at org.apache.tomcat.util.threads.TaskThread$WrappingRunnable.run(TaskThread.java:74)
		at java.base/java.lang.Thread.run(Thread.java:842)
29-Aug-2026 18:18:34.401 SEVERE [http-nio-8080-exec-178] org.apache.catalina.core.ApplicationContext.log Servlet.init() para servlet [createAuthorServlet] lanzó excepción
	org.springframework.beans.factory.NoSuchBeanDefinitionException: No bean named 'authorService' available
		at org.springframework.beans.factory.support.DefaultListableBeanFactory.getBeanDefinition(DefaultListableBeanFactory.java:893)
		at org.springframework.beans.factory.support.AbstractBeanFactory.getMergedLocalBeanDefinition(AbstractBeanFactory.java:1318)
		at org.springframework.beans.factory.support.AbstractBeanFactory.doGetBean(AbstractBeanFactory.java:300)
		at org.springframework.beans.factory.support.AbstractBeanFactory.getBean(AbstractBeanFactory.java:200)
		at org.springframework.context.support.AbstractApplicationContext.getBean(AbstractApplicationContext.java:1155)
		at com.parcial.servlets.CreateAuthorServlet.init(CreateAuthorServlet.java:27)
		at jakarta.servlet.GenericServlet.init(GenericServlet.java:145)
		at jakarta.servlet.http.HttpServlet.init(HttpServlet.java:124)
		at org.apache.catalina.core.StandardWrapper.initServlet(StandardWrapper.java:832)
		at org.apache.catalina.core.StandardWrapper.loadServlet(StandardWrapper.java:802)
		at org.apache.catalina.core.StandardWrapper.allocate(StandardWrapper.java:584)
		at org.apache.catalina.core.StandardWrapperValve.invoke(StandardWrapperValve.java:113)
		at org.apache.catalina.core.StandardContextValve.invoke(StandardContextValve.java:77)
		at org.apache.catalina.authenticator.AuthenticatorBase.invoke(AuthenticatorBase.java:535)
		at org.apache.catalina.core.StandardHostValve.invoke(StandardHostValve.java:115)
		at org.apache.catalina.valves.ErrorReportValve.invoke(ErrorReportValve.java:86)
		at org.apache.catalina.valves.AbstractAccessLogValve.invoke(AbstractAccessLogValve.java:782)
		at org.apache.catalina.core.StandardEngineValve.invoke(StandardEngineValve.java:71)
		at org.apache.catalina.connector.CoyoteAdapter.service(CoyoteAdapter.java:347)
		at org.apache.coyote.http11.Http11Processor.service(Http11Processor.java:406)
		at org.apache.coyote.AbstractProcessorLight.process(AbstractProcessorLight.java:71)
		at org.apache.coyote.AbstractProtocol$ConnectionHandler.process(AbstractProtocol.java:1307)
		at org.apache.tomcat.util.net.NioEndpoint$SocketProcessor.doRun(NioEndpoint.java:2036)
		at org.apache.tomcat.util.net.SocketProcessorBase.run(SocketProcessorBase.java:74)
		at org.apache.tomcat.util.threads.ThreadPoolExecutor.runWorker(ThreadPoolExecutor.java:949)
		at org.apache.tomcat.util.threads.ThreadPoolExecutor$Worker.run(ThreadPoolExecutor.java:483)
		at org.apache.tomcat.util.threads.TaskThread$WrappingRunnable.run(TaskThread.java:74)
		at java.base/java.lang.Thread.run(Thread.java:842)
29-Aug-2026 18:18:34.401 SEVERE [http-nio-8080-exec-178] org.apache.catalina.core.StandardWrapperValve.invoke Excepción de reserva de espacio para servlet [createAuthorServlet]
	org.springframework.beans.factory.NoSuchBeanDefinitionException: No bean named 'authorService' available
		at org.springframework.beans.factory.support.DefaultListableBeanFactory.getBeanDefinition(DefaultListableBeanFactory.java:893)
		at org.springframework.beans.factory.support.AbstractBeanFactory.getMergedLocalBeanDefinition(AbstractBeanFactory.java:1318)
		at org.springframework.beans.factory.support.AbstractBeanFactory.doGetBean(AbstractBeanFactory.java:300)
		at org.springframework.beans.factory.support.AbstractBeanFactory.getBean(AbstractBeanFactory.java:200)
		at org.springframework.context.support.AbstractApplicationContext.getBean(AbstractApplicationContext.java:1155)
		at com.parcial.servlets.CreateAuthorServlet.init(CreateAuthorServlet.java:27)
		at jakarta.servlet.GenericServlet.init(GenericServlet.java:145)
		at jakarta.servlet.http.HttpServlet.init(HttpServlet.java:124)
		at org.apache.catalina.core.StandardWrapper.initServlet(StandardWrapper.java:832)
		at org.apache.catalina.core.StandardWrapper.loadServlet(StandardWrapper.java:802)
		at org.apache.catalina.core.StandardWrapper.allocate(StandardWrapper.java:584)
		at org.apache.catalina.core.StandardWrapperValve.invoke(StandardWrapperValve.java:113)
		at org.apache.catalina.core.StandardContextValve.invoke(StandardContextValve.java:77)
		at org.apache.catalina.authenticator.AuthenticatorBase.invoke(AuthenticatorBase.java:535)
		at org.apache.catalina.core.StandardHostValve.invoke(StandardHostValve.java:115)
		at org.apache.catalina.valves.ErrorReportValve.invoke(ErrorReportValve.java:86)
		at org.apache.catalina.valves.AbstractAccessLogValve.invoke(AbstractAccessLogValve.java:782)
		at org.apache.catalina.core.StandardEngineValve.invoke(StandardEngineValve.java:71)
		at org.apache.catalina.connector.CoyoteAdapter.service(CoyoteAdapter.java:347)
		at org.apache.coyote.http11.Http11Processor.service(Http11Processor.java:406)
		at org.apache.coyote.AbstractProcessorLight.process(AbstractProcessorLight.java:71)
		at org.apache.coyote.AbstractProtocol$ConnectionHandler.process(AbstractProtocol.java:1307)
		at org.apache.tomcat.util.net.NioEndpoint$SocketProcessor.doRun(NioEndpoint.java:2036)
		at org.apache.tomcat.util.net.SocketProcessorBase.run(SocketProcessorBase.java:74)
		at org.apache.tomcat.util.threads.ThreadPoolExecutor.runWorker(ThreadPoolExecutor.java:949)
		at org.apache.tomcat.util.threads.ThreadPoolExecutor$Worker.run(ThreadPoolExecutor.java:483)
		at org.apache.tomcat.util.threads.TaskThread$WrappingRunnable.run(TaskThread.java:74)
		at java.base/java.lang.Thread.run(Thread.java:842)
29-Aug-2026 18:18:34.536 SEVERE [http-nio-8080-exec-173] org.apache.catalina.core.ApplicationContext.log Servlet.init() para servlet [createAuthorServlet] lanzó excepción
	org.springframework.beans.factory.NoSuchBeanDefinitionException: No bean named 'authorService' available
		at org.springframework.beans.factory.support.DefaultListableBeanFactory.getBeanDefinition(DefaultListableBeanFactory.java:893)
		at org.springframework.beans.factory.support.AbstractBeanFactory.getMergedLocalBeanDefinition(AbstractBeanFactory.java:1318)
		at org.springframework.beans.factory.support.AbstractBeanFactory.doGetBean(AbstractBeanFactory.java:300)
		at org.springframework.beans.factory.support.AbstractBeanFactory.getBean(AbstractBeanFactory.java:200)
		at org.springframework.context.support.AbstractApplicationContext.getBean(AbstractApplicationContext.java:1155)
		at com.parcial.servlets.CreateAuthorServlet.init(CreateAuthorServlet.java:27)
		at jakarta.servlet.GenericServlet.init(GenericServlet.java:145)
		at jakarta.servlet.http.HttpServlet.init(HttpServlet.java:124)
		at org.apache.catalina.core.StandardWrapper.initServlet(StandardWrapper.java:832)
		at org.apache.catalina.core.StandardWrapper.loadServlet(StandardWrapper.java:802)
		at org.apache.catalina.core.StandardWrapper.allocate(StandardWrapper.java:584)
		at org.apache.catalina.core.StandardWrapperValve.invoke(StandardWrapperValve.java:113)
		at org.apache.catalina.core.StandardContextValve.invoke(StandardContextValve.java:77)
		at org.apache.catalina.authenticator.AuthenticatorBase.invoke(AuthenticatorBase.java:535)
		at org.apache.catalina.core.StandardHostValve.invoke(StandardHostValve.java:115)
		at org.apache.catalina.valves.ErrorReportValve.invoke(ErrorReportValve.java:86)
		at org.apache.catalina.valves.AbstractAccessLogValve.invoke(AbstractAccessLogValve.java:782)
		at org.apache.catalina.core.StandardEngineValve.invoke(StandardEngineValve.java:71)
		at org.apache.catalina.connector.CoyoteAdapter.service(CoyoteAdapter.java:347)
		at org.apache.coyote.http11.Http11Processor.service(Http11Processor.java:406)
		at org.apache.coyote.AbstractProcessorLight.process(AbstractProcessorLight.java:71)
		at org.apache.coyote.AbstractProtocol$ConnectionHandler.process(AbstractProtocol.java:1307)
		at org.apache.tomcat.util.net.NioEndpoint$SocketProcessor.doRun(NioEndpoint.java:2036)
		at org.apache.tomcat.util.net.SocketProcessorBase.run(SocketProcessorBase.java:74)
		at org.apache.tomcat.util.threads.ThreadPoolExecutor.runWorker(ThreadPoolExecutor.java:949)
		at org.apache.tomcat.util.threads.ThreadPoolExecutor$Worker.run(ThreadPoolExecutor.java:483)
		at org.apache.tomcat.util.threads.TaskThread$WrappingRunnable.run(TaskThread.java:74)
		at java.base/java.lang.Thread.run(Thread.java:842)
29-Aug-2026 18:18:34.536 SEVERE [http-nio-8080-exec-173] org.apache.catalina.core.StandardWrapperValve.invoke Excepción de reserva de espacio para servlet [createAuthorServlet]
	org.springframework.beans.factory.NoSuchBeanDefinitionException: No bean named 'authorService' available
		at org.springframework.beans.factory.support.DefaultListableBeanFactory.getBeanDefinition(DefaultListableBeanFactory.java:893)
		at org.springframework.beans.factory.support.AbstractBeanFactory.getMergedLocalBeanDefinition(AbstractBeanFactory.java:1318)
		at org.springframework.beans.factory.support.AbstractBeanFactory.doGetBean(AbstractBeanFactory.java:300)
		at org.springframework.beans.factory.support.AbstractBeanFactory.getBean(AbstractBeanFactory.java:200)
		at org.springframework.context.support.AbstractApplicationContext.getBean(AbstractApplicationContext.java:1155)
		at com.parcial.servlets.CreateAuthorServlet.init(CreateAuthorServlet.java:27)
		at jakarta.servlet.GenericServlet.init(GenericServlet.java:145)
		at jakarta.servlet.http.HttpServlet.init(HttpServlet.java:124)
		at org.apache.catalina.core.StandardWrapper.initServlet(StandardWrapper.java:832)
		at org.apache.catalina.core.StandardWrapper.loadServlet(StandardWrapper.java:802)
		at org.apache.catalina.core.StandardWrapper.allocate(StandardWrapper.java:584)
		at org.apache.catalina.core.StandardWrapperValve.invoke(StandardWrapperValve.java:113)
		at org.apache.catalina.core.StandardContextValve.invoke(StandardContextValve.java:77)
		at org.apache.catalina.authenticator.AuthenticatorBase.invoke(AuthenticatorBase.java:535)
		at org.apache.catalina.core.StandardHostValve.invoke(StandardHostValve.java:115)
		at org.apache.catalina.valves.ErrorReportValve.invoke(ErrorReportValve.java:86)
		at org.apache.catalina.valves.AbstractAccessLogValve.invoke(AbstractAccessLogValve.java:782)
		at org.apache.catalina.core.StandardEngineValve.invoke(StandardEngineValve.java:71)
		at org.apache.catalina.connector.CoyoteAdapter.service(CoyoteAdapter.java:347)
		at org.apache.coyote.http11.Http11Processor.service(Http11Processor.java:406)
		at org.apache.coyote.AbstractProcessorLight.process(AbstractProcessorLight.java:71)
		at org.apache.coyote.AbstractProtocol$ConnectionHandler.process(AbstractProtocol.java:1307)
		at org.apache.tomcat.util.net.NioEndpoint$SocketProcessor.doRun(NioEndpoint.java:2036)
		at org.apache.tomcat.util.net.SocketProcessorBase.run(SocketProcessorBase.java:74)
		at org.apache.tomcat.util.threads.ThreadPoolExecutor.runWorker(ThreadPoolExecutor.java:949)
		at org.apache.tomcat.util.threads.ThreadPoolExecutor$Worker.run(ThreadPoolExecutor.java:483)
		at org.apache.tomcat.util.threads.TaskThread$WrappingRunnable.run(TaskThread.java:74)
		at java.base/java.lang.Thread.run(Thread.java:842)
29-Aug-2026 18:18:34.699 SEVERE [http-nio-8080-exec-174] org.apache.catalina.core.ApplicationContext.log Servlet.init() para servlet [createAuthorServlet] lanzó excepción
	org.springframework.beans.factory.NoSuchBeanDefinitionException: No bean named 'authorService' available
		at org.springframework.beans.factory.support.DefaultListableBeanFactory.getBeanDefinition(DefaultListableBeanFactory.java:893)
		at org.springframework.beans.factory.support.AbstractBeanFactory.getMergedLocalBeanDefinition(AbstractBeanFactory.java:1318)
		at org.springframework.beans.factory.support.AbstractBeanFactory.doGetBean(AbstractBeanFactory.java:300)
		at org.springframework.beans.factory.support.AbstractBeanFactory.getBean(AbstractBeanFactory.java:200)
		at org.springframework.context.support.AbstractApplicationContext.getBean(AbstractApplicationContext.java:1155)
		at com.parcial.servlets.CreateAuthorServlet.init(CreateAuthorServlet.java:27)
		at jakarta.servlet.GenericServlet.init(GenericServlet.java:145)
		at jakarta.servlet.http.HttpServlet.init(HttpServlet.java:124)
		at org.apache.catalina.core.StandardWrapper.initServlet(StandardWrapper.java:832)
		at org.apache.catalina.core.StandardWrapper.loadServlet(StandardWrapper.java:802)
		at org.apache.catalina.core.StandardWrapper.allocate(StandardWrapper.java:584)
		at org.apache.catalina.core.StandardWrapperValve.invoke(StandardWrapperValve.java:113)
		at org.apache.catalina.core.StandardContextValve.invoke(StandardContextValve.java:77)
		at org.apache.catalina.authenticator.AuthenticatorBase.invoke(AuthenticatorBase.java:535)
		at org.apache.catalina.core.StandardHostValve.invoke(StandardHostValve.java:115)
		at org.apache.catalina.valves.ErrorReportValve.invoke(ErrorReportValve.java:86)
		at org.apache.catalina.valves.AbstractAccessLogValve.invoke(AbstractAccessLogValve.java:782)
		at org.apache.catalina.core.StandardEngineValve.invoke(StandardEngineValve.java:71)
		at org.apache.catalina.connector.CoyoteAdapter.service(CoyoteAdapter.java:347)
		at org.apache.coyote.http11.Http11Processor.service(Http11Processor.java:406)
		at org.apache.coyote.AbstractProcessorLight.process(AbstractProcessorLight.java:71)
		at org.apache.coyote.AbstractProtocol$ConnectionHandler.process(AbstractProtocol.java:1307)
		at org.apache.tomcat.util.net.NioEndpoint$SocketProcessor.doRun(NioEndpoint.java:2036)
		at org.apache.tomcat.util.net.SocketProcessorBase.run(SocketProcessorBase.java:74)
		at org.apache.tomcat.util.threads.ThreadPoolExecutor.runWorker(ThreadPoolExecutor.java:949)
		at org.apache.tomcat.util.threads.ThreadPoolExecutor$Worker.run(ThreadPoolExecutor.java:483)
		at org.apache.tomcat.util.threads.TaskThread$WrappingRunnable.run(TaskThread.java:74)
		at java.base/java.lang.Thread.run(Thread.java:842)
29-Aug-2026 18:18:34.699 SEVERE [http-nio-8080-exec-174] org.apache.catalina.core.StandardWrapperValve.invoke Excepción de reserva de espacio para servlet [createAuthorServlet]
	org.springframework.beans.factory.NoSuchBeanDefinitionException: No bean named 'authorService' available
		at org.springframework.beans.factory.support.DefaultListableBeanFactory.getBeanDefinition(DefaultListableBeanFactory.java:893)
		at org.springframework.beans.factory.support.AbstractBeanFactory.getMergedLocalBeanDefinition(AbstractBeanFactory.java:1318)
		at org.springframework.beans.factory.support.AbstractBeanFactory.doGetBean(AbstractBeanFactory.java:300)
		at org.springframework.beans.factory.support.AbstractBeanFactory.getBean(AbstractBeanFactory.java:200)
		at org.springframework.context.support.AbstractApplicationContext.getBean(AbstractApplicationContext.java:1155)
		at com.parcial.servlets.CreateAuthorServlet.init(CreateAuthorServlet.java:27)
		at jakarta.servlet.GenericServlet.init(GenericServlet.java:145)
		at jakarta.servlet.http.HttpServlet.init(HttpServlet.java:124)
		at org.apache.catalina.core.StandardWrapper.initServlet(StandardWrapper.java:832)
		at org.apache.catalina.core.StandardWrapper.loadServlet(StandardWrapper.java:802)
		at org.apache.catalina.core.StandardWrapper.allocate(StandardWrapper.java:584)
		at org.apache.catalina.core.StandardWrapperValve.invoke(StandardWrapperValve.java:113)
		at org.apache.catalina.core.StandardContextValve.invoke(StandardContextValve.java:77)
		at org.apache.catalina.authenticator.AuthenticatorBase.invoke(AuthenticatorBase.java:535)
		at org.apache.catalina.core.StandardHostValve.invoke(StandardHostValve.java:115)
		at org.apache.catalina.valves.ErrorReportValve.invoke(ErrorReportValve.java:86)
		at org.apache.catalina.valves.AbstractAccessLogValve.invoke(AbstractAccessLogValve.java:782)
		at org.apache.catalina.core.StandardEngineValve.invoke(StandardEngineValve.java:71)
		at org.apache.catalina.connector.CoyoteAdapter.service(CoyoteAdapter.java:347)
		at org.apache.coyote.http11.Http11Processor.service(Http11Processor.java:406)
		at org.apache.coyote.AbstractProcessorLight.process(AbstractProcessorLight.java:71)
		at org.apache.coyote.AbstractProtocol$ConnectionHandler.process(AbstractProtocol.java:1307)
		at org.apache.tomcat.util.net.NioEndpoint$SocketProcessor.doRun(NioEndpoint.java:2036)
		at org.apache.tomcat.util.net.SocketProcessorBase.run(SocketProcessorBase.java:74)
		at org.apache.tomcat.util.threads.ThreadPoolExecutor.runWorker(ThreadPoolExecutor.java:949)
		at org.apache.tomcat.util.threads.ThreadPoolExecutor$Worker.run(ThreadPoolExecutor.java:483)
		at org.apache.tomcat.util.threads.TaskThread$WrappingRunnable.run(TaskThread.java:74)
		at java.base/java.lang.Thread.run(Thread.java:842)
29-Aug-2026 18:18:34.882 SEVERE [http-nio-8080-exec-175] org.apache.catalina.core.ApplicationContext.log Servlet.init() para servlet [createAuthorServlet] lanzó excepción
	org.springframework.beans.factory.NoSuchBeanDefinitionException: No bean named 'authorService' available
		at org.springframework.beans.factory.support.DefaultListableBeanFactory.getBeanDefinition(DefaultListableBeanFactory.java:893)
		at org.springframework.beans.factory.support.AbstractBeanFactory.getMergedLocalBeanDefinition(AbstractBeanFactory.java:1318)
		at org.springframework.beans.factory.support.AbstractBeanFactory.doGetBean(AbstractBeanFactory.java:300)
		at org.springframework.beans.factory.support.AbstractBeanFactory.getBean(AbstractBeanFactory.java:200)
		at org.springframework.context.support.AbstractApplicationContext.getBean(AbstractApplicationContext.java:1155)
		at com.parcial.servlets.CreateAuthorServlet.init(CreateAuthorServlet.java:27)
		at jakarta.servlet.GenericServlet.init(GenericServlet.java:145)
		at jakarta.servlet.http.HttpServlet.init(HttpServlet.java:124)
		at org.apache.catalina.core.StandardWrapper.initServlet(StandardWrapper.java:832)
		at org.apache.catalina.core.StandardWrapper.loadServlet(StandardWrapper.java:802)
		at org.apache.catalina.core.StandardWrapper.allocate(StandardWrapper.java:584)
		at org.apache.catalina.core.StandardWrapperValve.invoke(StandardWrapperValve.java:113)
		at org.apache.catalina.core.StandardContextValve.invoke(StandardContextValve.java:77)
		at org.apache.catalina.authenticator.AuthenticatorBase.invoke(AuthenticatorBase.java:535)
		at org.apache.catalina.core.StandardHostValve.invoke(StandardHostValve.java:115)
		at org.apache.catalina.valves.ErrorReportValve.invoke(ErrorReportValve.java:86)
		at org.apache.catalina.valves.AbstractAccessLogValve.invoke(AbstractAccessLogValve.java:782)
		at org.apache.catalina.core.StandardEngineValve.invoke(StandardEngineValve.java:71)
		at org.apache.catalina.connector.CoyoteAdapter.service(CoyoteAdapter.java:347)
		at org.apache.coyote.http11.Http11Processor.service(Http11Processor.java:406)
		at org.apache.coyote.AbstractProcessorLight.process(AbstractProcessorLight.java:71)
		at org.apache.coyote.AbstractProtocol$ConnectionHandler.process(AbstractProtocol.java:1307)
		at org.apache.tomcat.util.net.NioEndpoint$SocketProcessor.doRun(NioEndpoint.java:2036)
		at org.apache.tomcat.util.net.SocketProcessorBase.run(SocketProcessorBase.java:74)
		at org.apache.tomcat.util.threads.ThreadPoolExecutor.runWorker(ThreadPoolExecutor.java:949)
		at org.apache.tomcat.util.threads.ThreadPoolExecutor$Worker.run(ThreadPoolExecutor.java:483)
		at org.apache.tomcat.util.threads.TaskThread$WrappingRunnable.run(TaskThread.java:74)
		at java.base/java.lang.Thread.run(Thread.java:842)
29-Aug-2026 18:18:34.882 SEVERE [http-nio-8080-exec-175] org.apache.catalina.core.StandardWrapperValve.invoke Excepción de reserva de espacio para servlet [createAuthorServlet]
	org.springframework.beans.factory.NoSuchBeanDefinitionException: No bean named 'authorService' available
		at org.springframework.beans.factory.support.DefaultListableBeanFactory.getBeanDefinition(DefaultListableBeanFactory.java:893)
		at org.springframework.beans.factory.support.AbstractBeanFactory.getMergedLocalBeanDefinition(AbstractBeanFactory.java:1318)
		at org.springframework.beans.factory.support.AbstractBeanFactory.doGetBean(AbstractBeanFactory.java:300)
		at org.springframework.beans.factory.support.AbstractBeanFactory.getBean(AbstractBeanFactory.java:200)
		at org.springframework.context.support.AbstractApplicationContext.getBean(AbstractApplicationContext.java:1155)
		at com.parcial.servlets.CreateAuthorServlet.init(CreateAuthorServlet.java:27)
		at jakarta.servlet.GenericServlet.init(GenericServlet.java:145)
		at jakarta.servlet.http.HttpServlet.init(HttpServlet.java:124)
		at org.apache.catalina.core.StandardWrapper.initServlet(StandardWrapper.java:832)
		at org.apache.catalina.core.StandardWrapper.loadServlet(StandardWrapper.java:802)
		at org.apache.catalina.core.StandardWrapper.allocate(StandardWrapper.java:584)
		at org.apache.catalina.core.StandardWrapperValve.invoke(StandardWrapperValve.java:113)
		at org.apache.catalina.core.StandardContextValve.invoke(StandardContextValve.java:77)
		at org.apache.catalina.authenticator.AuthenticatorBase.invoke(AuthenticatorBase.java:535)
		at org.apache.catalina.core.StandardHostValve.invoke(StandardHostValve.java:115)
		at org.apache.catalina.valves.ErrorReportValve.invoke(ErrorReportValve.java:86)
		at org.apache.catalina.valves.AbstractAccessLogValve.invoke(AbstractAccessLogValve.java:782)
		at org.apache.catalina.core.StandardEngineValve.invoke(StandardEngineValve.java:71)
		at org.apache.catalina.connector.CoyoteAdapter.service(CoyoteAdapter.java:347)
		at org.apache.coyote.http11.Http11Processor.service(Http11Processor.java:406)
		at org.apache.coyote.AbstractProcessorLight.process(AbstractProcessorLight.java:71)
		at org.apache.coyote.AbstractProtocol$ConnectionHandler.process(AbstractProtocol.java:1307)
		at org.apache.tomcat.util.net.NioEndpoint$SocketProcessor.doRun(NioEndpoint.java:2036)
		at org.apache.tomcat.util.net.SocketProcessorBase.run(SocketProcessorBase.java:74)
		at org.apache.tomcat.util.threads.ThreadPoolExecutor.runWorker(ThreadPoolExecutor.java:949)
		at org.apache.tomcat.util.threads.ThreadPoolExecutor$Worker.run(ThreadPoolExecutor.java:483)
		at org.apache.tomcat.util.threads.TaskThread$WrappingRunnable.run(TaskThread.java:74)
		at java.base/java.lang.Thread.run(Thread.java:842)
29-Aug-2026 18:18:35.021 INFO [Catalina-utility-1] org.apache.catalina.core.ApplicationContext.log Closing Spring root WebApplicationContext
29-Aug-2026 18:18:36.511 INFO [Catalina-utility-1] org.apache.catalina.core.ApplicationContext.log No Spring WebApplicationInitializer types detected on classpath
29-Aug-2026 18:18:36.535 INFO [Catalina-utility-1] org.apache.catalina.core.ApplicationContext.log Initializing Spring root WebApplicationContext
29-Aug-2026 18:18:40.277 SEVERE [http-nio-8080-exec-174] org.apache.catalina.core.ApplicationContext.log Servlet.init() para servlet [postListServlet] lanzó excepción
	org.springframework.beans.factory.NoSuchBeanDefinitionException: No bean named 'postService' available
		at org.springframework.beans.factory.support.DefaultListableBeanFactory.getBeanDefinition(DefaultListableBeanFactory.java:893)
		at org.springframework.beans.factory.support.AbstractBeanFactory.getMergedLocalBeanDefinition(AbstractBeanFactory.java:1318)
		at org.springframework.beans.factory.support.AbstractBeanFactory.doGetBean(AbstractBeanFactory.java:300)
		at org.springframework.beans.factory.support.AbstractBeanFactory.getBean(AbstractBeanFactory.java:200)
		at org.springframework.context.support.AbstractApplicationContext.getBean(AbstractApplicationContext.java:1155)
		at com.parcial.servlets.PostListServlet.init(PostListServlet.java:28)
		at jakarta.servlet.GenericServlet.init(GenericServlet.java:145)
		at jakarta.servlet.http.HttpServlet.init(HttpServlet.java:124)
		at org.apache.catalina.core.StandardWrapper.initServlet(StandardWrapper.java:832)
		at org.apache.catalina.core.StandardWrapper.loadServlet(StandardWrapper.java:802)
		at org.apache.catalina.core.StandardWrapper.allocate(StandardWrapper.java:584)
		at org.apache.catalina.core.StandardWrapperValve.invoke(StandardWrapperValve.java:113)
		at org.apache.catalina.core.StandardContextValve.invoke(StandardContextValve.java:77)
		at org.apache.catalina.authenticator.AuthenticatorBase.invoke(AuthenticatorBase.java:535)
		at org.apache.catalina.core.StandardHostValve.invoke(StandardHostValve.java:115)
		at org.apache.catalina.valves.ErrorReportValve.invoke(ErrorReportValve.java:86)
		at org.apache.catalina.valves.AbstractAccessLogValve.invoke(AbstractAccessLogValve.java:782)
		at org.apache.catalina.core.StandardEngineValve.invoke(StandardEngineValve.java:71)
		at org.apache.catalina.connector.CoyoteAdapter.service(CoyoteAdapter.java:347)
		at org.apache.coyote.http11.Http11Processor.service(Http11Processor.java:406)
		at org.apache.coyote.AbstractProcessorLight.process(AbstractProcessorLight.java:71)
		at org.apache.coyote.AbstractProtocol$ConnectionHandler.process(AbstractProtocol.java:1307)
		at org.apache.tomcat.util.net.NioEndpoint$SocketProcessor.doRun(NioEndpoint.java:2036)
		at org.apache.tomcat.util.net.SocketProcessorBase.run(SocketProcessorBase.java:74)
		at org.apache.tomcat.util.threads.ThreadPoolExecutor.runWorker(ThreadPoolExecutor.java:949)
		at org.apache.tomcat.util.threads.ThreadPoolExecutor$Worker.run(ThreadPoolExecutor.java:483)
		at org.apache.tomcat.util.threads.TaskThread$WrappingRunnable.run(TaskThread.java:74)
		at java.base/java.lang.Thread.run(Thread.java:842)
29-Aug-2026 18:18:40.277 SEVERE [http-nio-8080-exec-174] org.apache.catalina.core.StandardWrapperValve.invoke Excepción de reserva de espacio para servlet [postListServlet]
	org.springframework.beans.factory.NoSuchBeanDefinitionException: No bean named 'postService' available
		at org.springframework.beans.factory.support.DefaultListableBeanFactory.getBeanDefinition(DefaultListableBeanFactory.java:893)
		at org.springframework.beans.factory.support.AbstractBeanFactory.getMergedLocalBeanDefinition(AbstractBeanFactory.java:1318)
		at org.springframework.beans.factory.support.AbstractBeanFactory.doGetBean(AbstractBeanFactory.java:300)
		at org.springframework.beans.factory.support.AbstractBeanFactory.getBean(AbstractBeanFactory.java:200)
		at org.springframework.context.support.AbstractApplicationContext.getBean(AbstractApplicationContext.java:1155)
		at com.parcial.servlets.PostListServlet.init(PostListServlet.java:28)
		at jakarta.servlet.GenericServlet.init(GenericServlet.java:145)
		at jakarta.servlet.http.HttpServlet.init(HttpServlet.java:124)
		at org.apache.catalina.core.StandardWrapper.initServlet(StandardWrapper.java:832)
		at org.apache.catalina.core.StandardWrapper.loadServlet(StandardWrapper.java:802)
		at org.apache.catalina.core.StandardWrapper.allocate(StandardWrapper.java:584)
		at org.apache.catalina.core.StandardWrapperValve.invoke(StandardWrapperValve.java:113)
		at org.apache.catalina.core.StandardContextValve.invoke(StandardContextValve.java:77)
		at org.apache.catalina.authenticator.AuthenticatorBase.invoke(AuthenticatorBase.java:535)
		at org.apache.catalina.core.StandardHostValve.invoke(StandardHostValve.java:115)
		at org.apache.catalina.valves.ErrorReportValve.invoke(ErrorReportValve.java:86)
		at org.apache.catalina.valves.AbstractAccessLogValve.invoke(AbstractAccessLogValve.java:782)
		at org.apache.catalina.core.StandardEngineValve.invoke(StandardEngineValve.java:71)
		at org.apache.catalina.connector.CoyoteAdapter.service(CoyoteAdapter.java:347)
		at org.apache.coyote.http11.Http11Processor.service(Http11Processor.java:406)
		at org.apache.coyote.AbstractProcessorLight.process(AbstractProcessorLight.java:71)
		at org.apache.coyote.AbstractProtocol$ConnectionHandler.process(AbstractProtocol.java:1307)
		at org.apache.tomcat.util.net.NioEndpoint$SocketProcessor.doRun(NioEndpoint.java:2036)
		at org.apache.tomcat.util.net.SocketProcessorBase.run(SocketProcessorBase.java:74)
		at org.apache.tomcat.util.threads.ThreadPoolExecutor.runWorker(ThreadPoolExecutor.java:949)
		at org.apache.tomcat.util.threads.ThreadPoolExecutor$Worker.run(ThreadPoolExecutor.java:483)
		at org.apache.tomcat.util.threads.TaskThread$WrappingRunnable.run(TaskThread.java:74)
		at java.base/java.lang.Thread.run(Thread.java:842)
29-Aug-2026 18:18:41.820 SEVERE [http-nio-8080-exec-182] org.apache.catalina.core.ApplicationContext.log Servlet.init() para servlet [postListServlet] lanzó excepción
	org.springframework.beans.factory.NoSuchBeanDefinitionException: No bean named 'postService' available
		at org.springframework.beans.factory.support.DefaultListableBeanFactory.getBeanDefinition(DefaultListableBeanFactory.java:893)
		at org.springframework.beans.factory.support.AbstractBeanFactory.getMergedLocalBeanDefinition(AbstractBeanFactory.java:1318)
		at org.springframework.beans.factory.support.AbstractBeanFactory.doGetBean(AbstractBeanFactory.java:300)
		at org.springframework.beans.factory.support.AbstractBeanFactory.getBean(AbstractBeanFactory.java:200)
		at org.springframework.context.support.AbstractApplicationContext.getBean(AbstractApplicationContext.java:1155)
		at com.parcial.servlets.PostListServlet.init(PostListServlet.java:28)
		at jakarta.servlet.GenericServlet.init(GenericServlet.java:145)
		at jakarta.servlet.http.HttpServlet.init(HttpServlet.java:124)
		at org.apache.catalina.core.StandardWrapper.initServlet(StandardWrapper.java:832)
		at org.apache.catalina.core.StandardWrapper.loadServlet(StandardWrapper.java:802)
		at org.apache.catalina.core.StandardWrapper.allocate(StandardWrapper.java:584)
		at org.apache.catalina.core.StandardWrapperValve.invoke(StandardWrapperValve.java:113)
		at org.apache.catalina.core.StandardContextValve.invoke(StandardContextValve.java:77)
		at org.apache.catalina.authenticator.AuthenticatorBase.invoke(AuthenticatorBase.java:535)
		at org.apache.catalina.core.StandardHostValve.invoke(StandardHostValve.java:115)
		at org.apache.catalina.valves.ErrorReportValve.invoke(ErrorReportValve.java:86)
		at org.apache.catalina.valves.AbstractAccessLogValve.invoke(AbstractAccessLogValve.java:782)
		at org.apache.catalina.core.StandardEngineValve.invoke(StandardEngineValve.java:71)
		at org.apache.catalina.connector.CoyoteAdapter.service(CoyoteAdapter.java:347)
		at org.apache.coyote.http11.Http11Processor.service(Http11Processor.java:406)
		at org.apache.coyote.AbstractProcessorLight.process(AbstractProcessorLight.java:71)
		at org.apache.coyote.AbstractProtocol$ConnectionHandler.process(AbstractProtocol.java:1307)
		at org.apache.tomcat.util.net.NioEndpoint$SocketProcessor.doRun(NioEndpoint.java:2036)
		at org.apache.tomcat.util.net.SocketProcessorBase.run(SocketProcessorBase.java:74)
		at org.apache.tomcat.util.threads.ThreadPoolExecutor.runWorker(ThreadPoolExecutor.java:949)
		at org.apache.tomcat.util.threads.ThreadPoolExecutor$Worker.run(ThreadPoolExecutor.java:483)
		at org.apache.tomcat.util.threads.TaskThread$WrappingRunnable.run(TaskThread.java:74)
		at java.base/java.lang.Thread.run(Thread.java:842)
29-Aug-2026 18:18:41.820 SEVERE [http-nio-8080-exec-182] org.apache.catalina.core.StandardWrapperValve.invoke Excepción de reserva de espacio para servlet [postListServlet]
	org.springframework.beans.factory.NoSuchBeanDefinitionException: No bean named 'postService' available
		at org.springframework.beans.factory.support.DefaultListableBeanFactory.getBeanDefinition(DefaultListableBeanFactory.java:893)
		at org.springframework.beans.factory.support.AbstractBeanFactory.getMergedLocalBeanDefinition(AbstractBeanFactory.java:1318)
		at org.springframework.beans.factory.support.AbstractBeanFactory.doGetBean(AbstractBeanFactory.java:300)
		at org.springframework.beans.factory.support.AbstractBeanFactory.getBean(AbstractBeanFactory.java:200)
		at org.springframework.context.support.AbstractApplicationContext.getBean(AbstractApplicationContext.java:1155)
		at com.parcial.servlets.PostListServlet.init(PostListServlet.java:28)
		at jakarta.servlet.GenericServlet.init(GenericServlet.java:145)
		at jakarta.servlet.http.HttpServlet.init(HttpServlet.java:124)
		at org.apache.catalina.core.StandardWrapper.initServlet(StandardWrapper.java:832)
		at org.apache.catalina.core.StandardWrapper.loadServlet(StandardWrapper.java:802)
		at org.apache.catalina.core.StandardWrapper.allocate(StandardWrapper.java:584)
		at org.apache.catalina.core.StandardWrapperValve.invoke(StandardWrapperValve.java:113)
		at org.apache.catalina.core.StandardContextValve.invoke(StandardContextValve.java:77)
		at org.apache.catalina.authenticator.AuthenticatorBase.invoke(AuthenticatorBase.java:535)
		at org.apache.catalina.core.StandardHostValve.invoke(StandardHostValve.java:115)
		at org.apache.catalina.valves.ErrorReportValve.invoke(ErrorReportValve.java:86)
		at org.apache.catalina.valves.AbstractAccessLogValve.invoke(AbstractAccessLogValve.java:782)
		at org.apache.catalina.core.StandardEngineValve.invoke(StandardEngineValve.java:71)
		at org.apache.catalina.connector.CoyoteAdapter.service(CoyoteAdapter.java:347)
		at org.apache.coyote.http11.Http11Processor.service(Http11Processor.java:406)
		at org.apache.coyote.AbstractProcessorLight.process(AbstractProcessorLight.java:71)
		at org.apache.coyote.AbstractProtocol$ConnectionHandler.process(AbstractProtocol.java:1307)
		at org.apache.tomcat.util.net.NioEndpoint$SocketProcessor.doRun(NioEndpoint.java:2036)
		at org.apache.tomcat.util.net.SocketProcessorBase.run(SocketProcessorBase.java:74)
		at org.apache.tomcat.util.threads.ThreadPoolExecutor.runWorker(ThreadPoolExecutor.java:949)
		at org.apache.tomcat.util.threads.ThreadPoolExecutor$Worker.run(ThreadPoolExecutor.java:483)
		at org.apache.tomcat.util.threads.TaskThread$WrappingRunnable.run(TaskThread.java:74)
		at java.base/java.lang.Thread.run(Thread.java:842)
29-Aug-2026 18:19:07.297 SEVERE [http-nio-8080-exec-173] org.apache.catalina.core.ApplicationContext.log Servlet.init() para servlet [postListServlet] lanzó excepción
	org.springframework.beans.factory.NoSuchBeanDefinitionException: No bean named 'postService' available
		at org.springframework.beans.factory.support.DefaultListableBeanFactory.getBeanDefinition(DefaultListableBeanFactory.java:893)
		at org.springframework.beans.factory.support.AbstractBeanFactory.getMergedLocalBeanDefinition(AbstractBeanFactory.java:1318)
		at org.springframework.beans.factory.support.AbstractBeanFactory.doGetBean(AbstractBeanFactory.java:300)
		at org.springframework.beans.factory.support.AbstractBeanFactory.getBean(AbstractBeanFactory.java:200)
		at org.springframework.context.support.AbstractApplicationContext.getBean(AbstractApplicationContext.java:1155)
		at com.parcial.servlets.PostListServlet.init(PostListServlet.java:28)
		at jakarta.servlet.GenericServlet.init(GenericServlet.java:145)
		at jakarta.servlet.http.HttpServlet.init(HttpServlet.java:124)
		at org.apache.catalina.core.StandardWrapper.initServlet(StandardWrapper.java:832)
		at org.apache.catalina.core.StandardWrapper.loadServlet(StandardWrapper.java:802)
		at org.apache.catalina.core.StandardWrapper.allocate(StandardWrapper.java:584)
		at org.apache.catalina.core.StandardWrapperValve.invoke(StandardWrapperValve.java:113)
		at org.apache.catalina.core.StandardContextValve.invoke(StandardContextValve.java:77)
		at org.apache.catalina.authenticator.AuthenticatorBase.invoke(AuthenticatorBase.java:535)
		at org.apache.catalina.core.StandardHostValve.invoke(StandardHostValve.java:115)
		at org.apache.catalina.valves.ErrorReportValve.invoke(ErrorReportValve.java:86)
		at org.apache.catalina.valves.AbstractAccessLogValve.invoke(AbstractAccessLogValve.java:782)
		at org.apache.catalina.core.StandardEngineValve.invoke(StandardEngineValve.java:71)
		at org.apache.catalina.connector.CoyoteAdapter.service(CoyoteAdapter.java:347)
		at org.apache.coyote.http11.Http11Processor.service(Http11Processor.java:406)
		at org.apache.coyote.AbstractProcessorLight.process(AbstractProcessorLight.java:71)
		at org.apache.coyote.AbstractProtocol$ConnectionHandler.process(AbstractProtocol.java:1307)
		at org.apache.tomcat.util.net.NioEndpoint$SocketProcessor.doRun(NioEndpoint.java:2036)
		at org.apache.tomcat.util.net.SocketProcessorBase.run(SocketProcessorBase.java:74)
		at org.apache.tomcat.util.threads.ThreadPoolExecutor.runWorker(ThreadPoolExecutor.java:949)
		at org.apache.tomcat.util.threads.ThreadPoolExecutor$Worker.run(ThreadPoolExecutor.java:483)
		at org.apache.tomcat.util.threads.TaskThread$WrappingRunnable.run(TaskThread.java:74)
		at java.base/java.lang.Thread.run(Thread.java:842)
29-Aug-2026 18:19:07.297 SEVERE [http-nio-8080-exec-173] org.apache.catalina.core.StandardWrapperValve.invoke Excepción de reserva de espacio para servlet [postListServlet]
	org.springframework.beans.factory.NoSuchBeanDefinitionException: No bean named 'postService' available
		at org.springframework.beans.factory.support.DefaultListableBeanFactory.getBeanDefinition(DefaultListableBeanFactory.java:893)
		at org.springframework.beans.factory.support.AbstractBeanFactory.getMergedLocalBeanDefinition(AbstractBeanFactory.java:1318)
		at org.springframework.beans.factory.support.AbstractBeanFactory.doGetBean(AbstractBeanFactory.java:300)
		at org.springframework.beans.factory.support.AbstractBeanFactory.getBean(AbstractBeanFactory.java:200)
		at org.springframework.context.support.AbstractApplicationContext.getBean(AbstractApplicationContext.java:1155)
		at com.parcial.servlets.PostListServlet.init(PostListServlet.java:28)
		at jakarta.servlet.GenericServlet.init(GenericServlet.java:145)
		at jakarta.servlet.http.HttpServlet.init(HttpServlet.java:124)
		at org.apache.catalina.core.StandardWrapper.initServlet(StandardWrapper.java:832)
		at org.apache.catalina.core.StandardWrapper.loadServlet(StandardWrapper.java:802)
		at org.apache.catalina.core.StandardWrapper.allocate(StandardWrapper.java:584)
		at org.apache.catalina.core.StandardWrapperValve.invoke(StandardWrapperValve.java:113)
		at org.apache.catalina.core.StandardContextValve.invoke(StandardContextValve.java:77)
		at org.apache.catalina.authenticator.AuthenticatorBase.invoke(AuthenticatorBase.java:535)
		at org.apache.catalina.core.StandardHostValve.invoke(StandardHostValve.java:115)
		at org.apache.catalina.valves.ErrorReportValve.invoke(ErrorReportValve.java:86)
		at org.apache.catalina.valves.AbstractAccessLogValve.invoke(AbstractAccessLogValve.java:782)
		at org.apache.catalina.core.StandardEngineValve.invoke(StandardEngineValve.java:71)
		at org.apache.catalina.connector.CoyoteAdapter.service(CoyoteAdapter.java:347)
		at org.apache.coyote.http11.Http11Processor.service(Http11Processor.java:406)
		at org.apache.coyote.AbstractProcessorLight.process(AbstractProcessorLight.java:71)
		at org.apache.coyote.AbstractProtocol$ConnectionHandler.process(AbstractProtocol.java:1307)
		at org.apache.tomcat.util.net.NioEndpoint$SocketProcessor.doRun(NioEndpoint.java:2036)
		at org.apache.tomcat.util.net.SocketProcessorBase.run(SocketProcessorBase.java:74)
		at org.apache.tomcat.util.threads.ThreadPoolExecutor.runWorker(ThreadPoolExecutor.java:949)
		at org.apache.tomcat.util.threads.ThreadPoolExecutor$Worker.run(ThreadPoolExecutor.java:483)
		at org.apache.tomcat.util.threads.TaskThread$WrappingRunnable.run(TaskThread.java:74)
		at java.base/java.lang.Thread.run(Thread.java:842)
29-Aug-2026 18:19:07.608 INFO [Catalina-utility-2] org.apache.catalina.core.ApplicationContext.log Closing Spring root WebApplicationContext
29-Aug-2026 18:19:08.985 INFO [Catalina-utility-2] org.apache.catalina.core.ApplicationContext.log No Spring WebApplicationInitializer types detected on classpath
29-Aug-2026 18:19:08.993 INFO [Catalina-utility-2] org.apache.catalina.core.ApplicationContext.log Initializing Spring root WebApplicationContext
29-Aug-2026 18:22:10.370 INFO [Catalina-utility-1] org.apache.catalina.core.ApplicationContext.log Closing Spring root WebApplicationContext
29-Aug-2026 18:22:11.738 INFO [Catalina-utility-1] org.apache.catalina.core.ApplicationContext.log No Spring WebApplicationInitializer types detected on classpath
29-Aug-2026 18:22:11.747 INFO [Catalina-utility-1] org.apache.catalina.core.ApplicationContext.log Initializing Spring root WebApplicationContext
29-Aug-2026 18:26:02.992 INFO [Catalina-utility-2] org.apache.catalina.core.ApplicationContext.log Closing Spring root WebApplicationContext
29-Aug-2026 18:26:04.304 INFO [Catalina-utility-2] org.apache.catalina.core.ApplicationContext.log No Spring WebApplicationInitializer types detected on classpath
29-Aug-2026 18:26:04.311 INFO [Catalina-utility-2] org.apache.catalina.core.ApplicationContext.log Initializing Spring root WebApplicationContext
29-Aug-2026 18:26:35.247 INFO [Catalina-utility-1] org.apache.catalina.core.ApplicationContext.log Closing Spring root WebApplicationContext
29-Aug-2026 18:26:36.750 INFO [Catalina-utility-1] org.apache.catalina.core.ApplicationContext.log No Spring WebApplicationInitializer types detected on classpath
29-Aug-2026 18:26:36.760 INFO [Catalina-utility-1] org.apache.catalina.core.ApplicationContext.log Initializing Spring root WebApplicationContext
29-Aug-2026 18:26:37.109 SEVERE [Catalina-utility-1] org.apache.catalina.core.StandardContext.listenerStart Excepción al enviar evento inicializado de contexto a instancia de escuchador de clase [org.springframework.web.context.ContextLoaderListener]
	org.springframework.beans.factory.BeanDefinitionStoreException: IOException parsing XML document from ServletContext resource [/com.parcial.config.AppConfig]
		at org.springframework.beans.factory.xml.XmlBeanDefinitionReader.loadBeanDefinitions(XmlBeanDefinitionReader.java:342)
		at org.springframework.beans.factory.xml.XmlBeanDefinitionReader.loadBeanDefinitions(XmlBeanDefinitionReader.java:310)
		at org.springframework.beans.factory.support.AbstractBeanDefinitionReader.loadBeanDefinitions(AbstractBeanDefinitionReader.java:184)
		at org.springframework.beans.factory.support.AbstractBeanDefinitionReader.loadBeanDefinitions(AbstractBeanDefinitionReader.java:220)
		at org.springframework.beans.factory.support.AbstractBeanDefinitionReader.loadBeanDefinitions(AbstractBeanDefinitionReader.java:191)
		at org.springframework.web.context.support.XmlWebApplicationContext.loadBeanDefinitions(XmlWebApplicationContext.java:125)
		at org.springframework.web.context.support.XmlWebApplicationContext.loadBeanDefinitions(XmlWebApplicationContext.java:94)
		at org.springframework.context.support.AbstractRefreshableApplicationContext.refreshBeanFactory(AbstractRefreshableApplicationContext.java:130)
		at org.springframework.context.support.AbstractApplicationContext.obtainFreshBeanFactory(AbstractApplicationContext.java:696)
		at org.springframework.context.support.AbstractApplicationContext.refresh(AbstractApplicationContext.java:578)
		at org.springframework.web.context.ContextLoader.configureAndRefreshWebApplicationContext(ContextLoader.java:394)
		at org.springframework.web.context.ContextLoader.initWebApplicationContext(ContextLoader.java:274)
		at org.springframework.web.context.ContextLoaderListener.contextInitialized(ContextLoaderListener.java:102)
		at org.apache.catalina.core.StandardContext.listenerStart(StandardContext.java:4160)
		at org.apache.catalina.core.StandardContext.startInternal(StandardContext.java:4583)
		at org.apache.catalina.util.LifecycleBase.start(LifecycleBase.java:170)
		at org.apache.catalina.core.ContainerBase.addChild(ContainerBase.java:583)
		at org.apache.catalina.core.StandardHost.addChild(StandardHost.java:677)
		at org.apache.catalina.startup.HostConfig.deployWAR(HostConfig.java:924)
		at org.apache.catalina.startup.HostConfig$DeployWar.run(HostConfig.java:1872)
		at java.base/java.util.concurrent.Executors$RunnableAdapter.call(Executors.java:539)
		at java.base/java.util.concurrent.FutureTask.run(FutureTask.java:264)
		at org.apache.tomcat.util.threads.InlineExecutorService.execute(InlineExecutorService.java:92)
		at java.base/java.util.concurrent.AbstractExecutorService.submit(AbstractExecutorService.java:123)
		at org.apache.catalina.startup.HostConfig.deployWARs(HostConfig.java:755)
		at org.apache.catalina.startup.HostConfig.deployApps(HostConfig.java:410)
		at org.apache.catalina.startup.HostConfig.check(HostConfig.java:1655)
		at org.apache.catalina.startup.HostConfig.lifecycleEvent(HostConfig.java:284)
		at org.apache.catalina.util.LifecycleBase.fireLifecycleEvent(LifecycleBase.java:115)
		at org.apache.catalina.core.ContainerBase.backgroundProcess(ContainerBase.java:956)
		at org.apache.catalina.core.ContainerBase$ContainerBackgroundProcessor.processChildren(ContainerBase.java:1179)
		at org.apache.catalina.core.ContainerBase$ContainerBackgroundProcessor.processChildren(ContainerBase.java:1183)
		at org.apache.catalina.core.ContainerBase$ContainerBackgroundProcessor.run(ContainerBase.java:1156)
		at java.base/java.util.concurrent.Executors$RunnableAdapter.call(Executors.java:539)
		at java.base/java.util.concurrent.FutureTask.runAndReset(FutureTask.java:305)
		at java.base/java.util.concurrent.ScheduledThreadPoolExecutor$ScheduledFutureTask.run(ScheduledThreadPoolExecutor.java:305)
		at java.base/java.util.concurrent.ThreadPoolExecutor.runWorker(ThreadPoolExecutor.java:1136)
		at java.base/java.util.concurrent.ThreadPoolExecutor$Worker.run(ThreadPoolExecutor.java:635)
		at org.apache.tomcat.util.threads.TaskThread$WrappingRunnable.run(TaskThread.java:74)
		at java.base/java.lang.Thread.run(Thread.java:842)
	Caused by: java.io.FileNotFoundException: Could not open ServletContext resource [/com.parcial.config.AppConfig]
		at org.springframework.web.context.support.ServletContextResource.getInputStream(ServletContextResource.java:165)
		at org.springframework.beans.factory.xml.XmlBeanDefinitionReader.loadBeanDefinitions(XmlBeanDefinitionReader.java:333)
		... 39 more
29-Aug-2026 18:26:37.111 INFO [Catalina-utility-1] org.apache.catalina.core.ApplicationContext.log Closing Spring root WebApplicationContext
29-Aug-2026 18:26:37.123 SEVERE [Catalina-utility-1] org.apache.catalina.core.StandardContext.listenerStop Excepción enviando evento de contexto destruído a instancia de escuchador de clase [org.springframework.web.context.ContextLoaderListener]
	java.lang.IllegalStateException: BeanFactory not initialized or already closed - call 'refresh' before accessing beans via the ApplicationContext
		at org.springframework.context.support.AbstractRefreshableApplicationContext.getBeanFactory(AbstractRefreshableApplicationContext.java:168)
		at org.springframework.context.support.AbstractApplicationContext.destroyBeans(AbstractApplicationContext.java:1107)
		at org.springframework.context.support.AbstractApplicationContext.doClose(AbstractApplicationContext.java:1076)
		at org.springframework.context.support.AbstractApplicationContext.close(AbstractApplicationContext.java:1027)
		at org.springframework.web.context.ContextLoader.closeWebApplicationContext(ContextLoader.java:510)
		at org.springframework.web.context.ContextLoaderListener.contextDestroyed(ContextLoaderListener.java:111)
		at org.apache.catalina.core.StandardContext.listenerStop(StandardContext.java:4205)
		at org.apache.catalina.core.StandardContext.stopInternal(StandardContext.java:4809)
		at org.apache.catalina.util.LifecycleBase.stop(LifecycleBase.java:241)
		at org.apache.catalina.util.LifecycleBase.start(LifecycleBase.java:174)
		at org.apache.catalina.core.ContainerBase.addChild(ContainerBase.java:583)
		at org.apache.catalina.core.StandardHost.addChild(StandardHost.java:677)
		at org.apache.catalina.startup.HostConfig.deployWAR(HostConfig.java:924)
		at org.apache.catalina.startup.HostConfig$DeployWar.run(HostConfig.java:1872)
		at java.base/java.util.concurrent.Executors$RunnableAdapter.call(Executors.java:539)
		at java.base/java.util.concurrent.FutureTask.run(FutureTask.java:264)
		at org.apache.tomcat.util.threads.InlineExecutorService.execute(InlineExecutorService.java:92)
		at java.base/java.util.concurrent.AbstractExecutorService.submit(AbstractExecutorService.java:123)
		at org.apache.catalina.startup.HostConfig.deployWARs(HostConfig.java:755)
		at org.apache.catalina.startup.HostConfig.deployApps(HostConfig.java:410)
		at org.apache.catalina.startup.HostConfig.check(HostConfig.java:1655)
		at org.apache.catalina.startup.HostConfig.lifecycleEvent(HostConfig.java:284)
		at org.apache.catalina.util.LifecycleBase.fireLifecycleEvent(LifecycleBase.java:115)
		at org.apache.catalina.core.ContainerBase.backgroundProcess(ContainerBase.java:956)
		at org.apache.catalina.core.ContainerBase$ContainerBackgroundProcessor.processChildren(ContainerBase.java:1179)
		at org.apache.catalina.core.ContainerBase$ContainerBackgroundProcessor.processChildren(ContainerBase.java:1183)
		at org.apache.catalina.core.ContainerBase$ContainerBackgroundProcessor.run(ContainerBase.java:1156)
		at java.base/java.util.concurrent.Executors$RunnableAdapter.call(Executors.java:539)
		at java.base/java.util.concurrent.FutureTask.runAndReset(FutureTask.java:305)
		at java.base/java.util.concurrent.ScheduledThreadPoolExecutor$ScheduledFutureTask.run(ScheduledThreadPoolExecutor.java:305)
		at java.base/java.util.concurrent.ThreadPoolExecutor.runWorker(ThreadPoolExecutor.java:1136)
		at java.base/java.util.concurrent.ThreadPoolExecutor$Worker.run(ThreadPoolExecutor.java:635)
		at org.apache.tomcat.util.threads.TaskThread$WrappingRunnable.run(TaskThread.java:74)
		at java.base/java.lang.Thread.run(Thread.java:842)
29-Aug-2026 18:28:58.552 INFO [Catalina-utility-1] org.apache.catalina.core.ApplicationContext.log No Spring WebApplicationInitializer types detected on classpath
29-Aug-2026 18:28:58.558 INFO [Catalina-utility-1] org.apache.catalina.core.ApplicationContext.log Initializing Spring root WebApplicationContext
29-Aug-2026 18:28:58.916 SEVERE [Catalina-utility-1] org.apache.catalina.core.StandardContext.listenerStart Excepción al enviar evento inicializado de contexto a instancia de escuchador de clase [org.springframework.web.context.ContextLoaderListener]
	org.springframework.beans.factory.BeanDefinitionStoreException: IOException parsing XML document from ServletContext resource [/com.parcial.config.AppConfig]
		at org.springframework.beans.factory.xml.XmlBeanDefinitionReader.loadBeanDefinitions(XmlBeanDefinitionReader.java:342)
		at org.springframework.beans.factory.xml.XmlBeanDefinitionReader.loadBeanDefinitions(XmlBeanDefinitionReader.java:310)
		at org.springframework.beans.factory.support.AbstractBeanDefinitionReader.loadBeanDefinitions(AbstractBeanDefinitionReader.java:184)
		at org.springframework.beans.factory.support.AbstractBeanDefinitionReader.loadBeanDefinitions(AbstractBeanDefinitionReader.java:220)
		at org.springframework.beans.factory.support.AbstractBeanDefinitionReader.loadBeanDefinitions(AbstractBeanDefinitionReader.java:191)
		at org.springframework.web.context.support.XmlWebApplicationContext.loadBeanDefinitions(XmlWebApplicationContext.java:125)
		at org.springframework.web.context.support.XmlWebApplicationContext.loadBeanDefinitions(XmlWebApplicationContext.java:94)
		at org.springframework.context.support.AbstractRefreshableApplicationContext.refreshBeanFactory(AbstractRefreshableApplicationContext.java:130)
		at org.springframework.context.support.AbstractApplicationContext.obtainFreshBeanFactory(AbstractApplicationContext.java:696)
		at org.springframework.context.support.AbstractApplicationContext.refresh(AbstractApplicationContext.java:578)
		at org.springframework.web.context.ContextLoader.configureAndRefreshWebApplicationContext(ContextLoader.java:394)
		at org.springframework.web.context.ContextLoader.initWebApplicationContext(ContextLoader.java:274)
		at org.springframework.web.context.ContextLoaderListener.contextInitialized(ContextLoaderListener.java:102)
		at org.apache.catalina.core.StandardContext.listenerStart(StandardContext.java:4160)
		at org.apache.catalina.core.StandardContext.startInternal(StandardContext.java:4583)
		at org.apache.catalina.util.LifecycleBase.start(LifecycleBase.java:170)
		at org.apache.catalina.core.ContainerBase.addChild(ContainerBase.java:583)
		at org.apache.catalina.core.StandardHost.addChild(StandardHost.java:677)
		at org.apache.catalina.startup.HostConfig.deployWAR(HostConfig.java:924)
		at org.apache.catalina.startup.HostConfig$DeployWar.run(HostConfig.java:1872)
		at java.base/java.util.concurrent.Executors$RunnableAdapter.call(Executors.java:539)
		at java.base/java.util.concurrent.FutureTask.run(FutureTask.java:264)
		at org.apache.tomcat.util.threads.InlineExecutorService.execute(InlineExecutorService.java:92)
		at java.base/java.util.concurrent.AbstractExecutorService.submit(AbstractExecutorService.java:123)
		at org.apache.catalina.startup.HostConfig.deployWARs(HostConfig.java:755)
		at org.apache.catalina.startup.HostConfig.deployApps(HostConfig.java:410)
		at org.apache.catalina.startup.HostConfig.check(HostConfig.java:1655)
		at org.apache.catalina.startup.HostConfig.lifecycleEvent(HostConfig.java:284)
		at org.apache.catalina.util.LifecycleBase.fireLifecycleEvent(LifecycleBase.java:115)
		at org.apache.catalina.core.ContainerBase.backgroundProcess(ContainerBase.java:956)
		at org.apache.catalina.core.ContainerBase$ContainerBackgroundProcessor.processChildren(ContainerBase.java:1179)
		at org.apache.catalina.core.ContainerBase$ContainerBackgroundProcessor.processChildren(ContainerBase.java:1183)
		at org.apache.catalina.core.ContainerBase$ContainerBackgroundProcessor.run(ContainerBase.java:1156)
		at java.base/java.util.concurrent.Executors$RunnableAdapter.call(Executors.java:539)
		at java.base/java.util.concurrent.FutureTask.runAndReset(FutureTask.java:305)
		at java.base/java.util.concurrent.ScheduledThreadPoolExecutor$ScheduledFutureTask.run(ScheduledThreadPoolExecutor.java:305)
		at java.base/java.util.concurrent.ThreadPoolExecutor.runWorker(ThreadPoolExecutor.java:1136)
		at java.base/java.util.concurrent.ThreadPoolExecutor$Worker.run(ThreadPoolExecutor.java:635)
		at org.apache.tomcat.util.threads.TaskThread$WrappingRunnable.run(TaskThread.java:74)
		at java.base/java.lang.Thread.run(Thread.java:842)
	Caused by: java.io.FileNotFoundException: Could not open ServletContext resource [/com.parcial.config.AppConfig]
		at org.springframework.web.context.support.ServletContextResource.getInputStream(ServletContextResource.java:165)
		at org.springframework.beans.factory.xml.XmlBeanDefinitionReader.loadBeanDefinitions(XmlBeanDefinitionReader.java:333)
		... 39 more
29-Aug-2026 18:28:58.916 INFO [Catalina-utility-1] org.apache.catalina.core.ApplicationContext.log Closing Spring root WebApplicationContext
29-Aug-2026 18:28:58.921 SEVERE [Catalina-utility-1] org.apache.catalina.core.StandardContext.listenerStop Excepción enviando evento de contexto destruído a instancia de escuchador de clase [org.springframework.web.context.ContextLoaderListener]
	java.lang.IllegalStateException: BeanFactory not initialized or already closed - call 'refresh' before accessing beans via the ApplicationContext
		at org.springframework.context.support.AbstractRefreshableApplicationContext.getBeanFactory(AbstractRefreshableApplicationContext.java:168)
		at org.springframework.context.support.AbstractApplicationContext.destroyBeans(AbstractApplicationContext.java:1107)
		at org.springframework.context.support.AbstractApplicationContext.doClose(AbstractApplicationContext.java:1076)
		at org.springframework.context.support.AbstractApplicationContext.close(AbstractApplicationContext.java:1027)
		at org.springframework.web.context.ContextLoader.closeWebApplicationContext(ContextLoader.java:510)
		at org.springframework.web.context.ContextLoaderListener.contextDestroyed(ContextLoaderListener.java:111)
		at org.apache.catalina.core.StandardContext.listenerStop(StandardContext.java:4205)
		at org.apache.catalina.core.StandardContext.stopInternal(StandardContext.java:4809)
		at org.apache.catalina.util.LifecycleBase.stop(LifecycleBase.java:241)
		at org.apache.catalina.util.LifecycleBase.start(LifecycleBase.java:174)
		at org.apache.catalina.core.ContainerBase.addChild(ContainerBase.java:583)
		at org.apache.catalina.core.StandardHost.addChild(StandardHost.java:677)
		at org.apache.catalina.startup.HostConfig.deployWAR(HostConfig.java:924)
		at org.apache.catalina.startup.HostConfig$DeployWar.run(HostConfig.java:1872)
		at java.base/java.util.concurrent.Executors$RunnableAdapter.call(Executors.java:539)
		at java.base/java.util.concurrent.FutureTask.run(FutureTask.java:264)
		at org.apache.tomcat.util.threads.InlineExecutorService.execute(InlineExecutorService.java:92)
		at java.base/java.util.concurrent.AbstractExecutorService.submit(AbstractExecutorService.java:123)
		at org.apache.catalina.startup.HostConfig.deployWARs(HostConfig.java:755)
		at org.apache.catalina.startup.HostConfig.deployApps(HostConfig.java:410)
		at org.apache.catalina.startup.HostConfig.check(HostConfig.java:1655)
		at org.apache.catalina.startup.HostConfig.lifecycleEvent(HostConfig.java:284)
		at org.apache.catalina.util.LifecycleBase.fireLifecycleEvent(LifecycleBase.java:115)
		at org.apache.catalina.core.ContainerBase.backgroundProcess(ContainerBase.java:956)
		at org.apache.catalina.core.ContainerBase$ContainerBackgroundProcessor.processChildren(ContainerBase.java:1179)
		at org.apache.catalina.core.ContainerBase$ContainerBackgroundProcessor.processChildren(ContainerBase.java:1183)
		at org.apache.catalina.core.ContainerBase$ContainerBackgroundProcessor.run(ContainerBase.java:1156)
		at java.base/java.util.concurrent.Executors$RunnableAdapter.call(Executors.java:539)
		at java.base/java.util.concurrent.FutureTask.runAndReset(FutureTask.java:305)
		at java.base/java.util.concurrent.ScheduledThreadPoolExecutor$ScheduledFutureTask.run(ScheduledThreadPoolExecutor.java:305)
		at java.base/java.util.concurrent.ThreadPoolExecutor.runWorker(ThreadPoolExecutor.java:1136)
		at java.base/java.util.concurrent.ThreadPoolExecutor$Worker.run(ThreadPoolExecutor.java:635)
		at org.apache.tomcat.util.threads.TaskThread$WrappingRunnable.run(TaskThread.java:74)
		at java.base/java.lang.Thread.run(Thread.java:842)
29-Aug-2026 18:31:20.391 INFO [Catalina-utility-2] org.apache.catalina.core.ApplicationContext.log No Spring WebApplicationInitializer types detected on classpath
29-Aug-2026 18:31:20.397 INFO [Catalina-utility-2] org.apache.catalina.core.ApplicationContext.log Initializing Spring root WebApplicationContext
29-Aug-2026 18:37:41.867 INFO [Catalina-utility-1] org.apache.catalina.core.ApplicationContext.log Closing Spring root WebApplicationContext
29-Aug-2026 18:37:43.637 INFO [Catalina-utility-1] org.apache.catalina.core.ApplicationContext.log No Spring WebApplicationInitializer types detected on classpath
29-Aug-2026 18:37:43.645 INFO [Catalina-utility-1] org.apache.catalina.core.ApplicationContext.log Initializing Spring root WebApplicationContext
